Rank,Site,Manufacturer,Computer,Country,Year,Processors,RMax,RPeak,Nmax,Nhalf,Processor Family,Processor,Proc. Frequency,System Family,Operating System,Architecture,Segment,Application Area,Interconnect Family,Interconnect,Region,Continent,Publication Date
1,University of Tokyo,Hitachi,SR2201/1024,Japan,1996,1024,220.4,307.2,138240,34560,PA-RISC,PA-RISC HARP-1E,150.0,Hitachi SR2xxx,HI-UX/MPP,MPP,Academic,Not Specified,Crossbar,Hyper crossbar,Eastern Asia,Asia,06/1996
2,National Aerospace Laboratory of Japan,Fujitsu,Numerical Wind Tunnel,Japan,1996,166,170.0,279.58,42000,13800,Fujitsu,Fujitsu,105.3,Fujitsu VPP,UXP/V,MPP,Research,Aerospace,Crossbar,Full distributed crossbar,Eastern Asia,Asia,06/1996
3,Sandia National Laboratories,Intel,XP/S140,United States,1993,3680,143.4,184.0,55700,20500,Intel i860,Intel i860 Intel 80860,50.0,intel Paragon,OSF/1,MPP,Research,Not Specified,,2-D mesh (torus),North America,Americas,06/1996
4,Oak Ridge National Laboratory,Intel,XP/S-MP 150,United States,1995,3072,127.1,154.0,86000,17800,Intel i860,Intel i860 Intel 80860,50.0,intel Paragon,OSF/1,MPP,Research,Not Specified,,2-D mesh (torus),North America,Americas,06/1996
5,Japan Atomic Energy Research Institute,Intel,XP/S-MP 125,Japan,1996,2502,103.5,125.1,0,0,Intel i860,Intel i860 Intel 80860,50.0,intel Paragon,OSF/1,MPP,Research,Not Specified,,2-D mesh (torus),Eastern Asia,Asia,06/1996
6,Government,Cray Inc.,T3D MC1024-8,United States,1994,1024,100.5,153.6,81920,10224,Alpha,Alpha EV4,149.9,Cray T3E/T3D,UNICOS,MPP,Classified,Not Specified,Cray Interconnect,3-D Torus,North America,Americas,06/1996
7,National Lab. for High Energy Physics,Fujitsu,VPP500/80,Japan,1994,80,98.9,128.0,32640,10050,Fujitsu,Fujitsu,100.0,Fujitsu VPP,UXP/V,MPP,Research,Not Specified,Crossbar,Full distributed crossbar,Eastern Asia,Asia,06/1996
8,Cornell Theory Center,IBM,SP2/512,United States,1994,512,88.4,136.19,73500,20150,Power,POWER2,66.5,IBM SP,AIX,MPP,Academic,Not Specified,,,North America,Americas,06/1996
9,IBM,IBM,SP2/512,United States,1995,512,88.4,136.19,73500,20150,Power,POWER2,66.5,IBM SP,AIX,MPP,Vendor,Not Specified,,,North America,Americas,06/1996
10,HWW/Universitaet Stuttgart,NEC,SX-4/32,Germany,1996,32,66.53,64.0,15360,1792,NEC,NEC,250.0,NEC Vector,EWS-UX/V,SMP,Industry,Information Processing Service,Crossbar,Multi-stage crossbar,Western Europe,Europe,06/1996
11,NEC Fuchu Plant,NEC,SX-4/32,Japan,1995,32,66.53,64.0,15360,1792,NEC,NEC,250.0,NEC Vector,EWS-UX/V,SMP,Vendor,Benchmarking,Crossbar,Multi-stage crossbar,Eastern Asia,Asia,06/1996
12,Maui High-Performance Computing Center (MHPCC),IBM,SP2/384,United States,1994,384,66.3,102.14,0,0,Power,POWER2,66.5,IBM SP,AIX,MPP,Research,Not Specified,,,North America,Americas,06/1996
13,Los Alamos National Laboratory,Thinking Machines Corporation,CM-5/1056,United States,1993,1056,59.7,135.17,52224,24064,Sparc,SuperSPARC I,32.0,TMC CM5,CMOST,MPP,Research,Not Specified,Fat Tree,"Hypercube, tree",North America,Americas,06/1996
14,Japan Atomic Energy Research Institute,Fujitsu,VPP500/42,Japan,1994,42,54.5,67.2,0,0,Fujitsu,Fujitsu,100.0,Fujitsu VPP,UXP/V,MPP,Research,Not Specified,Crossbar,Full distributed crossbar,Eastern Asia,Asia,06/1996
15,Nagoya University,Fujitsu,VPP500/42,Japan,1995,42,54.5,67.2,0,0,Fujitsu,Fujitsu,100.0,Fujitsu VPP,UXP/V,MPP,Academic,Not Specified,Crossbar,Full distributed crossbar,Eastern Asia,Asia,06/1996
16,Minnesota Supercomputer Center,Thinking Machines Corporation,CM-5/896,United States,1994,896,52.3,114.7,0,0,Sparc,SuperSPARC I,32.0,TMC CM5,CMOST,MPP,Industry,Not Specified,Fat Tree,"Hypercube, tree",North America,Americas,06/1996
17,National Institute of Genetics,Fujitsu,VPP500/40,Japan,1995,40,52.0,64.0,0,0,Fujitsu,Fujitsu,100.0,Fujitsu VPP,UXP/V,MPP,Research,Not Specified,Crossbar,Full distributed crossbar,Eastern Asia,Asia,06/1996
18,University of Tokyo/Institute for Solid State Physics,Fujitsu,VPP500/40,Japan,1994,40,52.0,64.0,0,0,Fujitsu,Fujitsu,100.0,Fujitsu VPP,UXP/V,MPP,Academic,Not Specified,Crossbar,Full distributed crossbar,Eastern Asia,Asia,06/1996
19,Los Alamos National Laboratory,Cray Inc.,T3D MC512-8,United States,1994,512,50.8,76.8,57856,7136,Alpha,Alpha EV4,149.9,Cray T3E/T3D,UNICOS,MPP,Research,Not Specified,Cray Interconnect,3-D Torus,North America,Americas,06/1996
20,"Network Computing Services, Inc.",Cray Inc.,T3D MC512-8,United States,1995,512,50.8,76.8,57856,7136,Alpha,Alpha EV4,149.9,Cray T3E/T3D,UNICOS,MPP,Industry,Not Specified,Cray Interconnect,3-D Torus,North America,Americas,06/1996
21,Pittsburgh Supercomputing Center,Cray Inc.,T3D MC512-8,United States,1994,512,50.8,76.8,57856,7136,Alpha,Alpha EV4,149.9,Cray T3E/T3D,UNICOS,MPP,Academic,Not Specified,Cray Interconnect,3-D Torus,North America,Americas,06/1996
22,University of Edinburgh,Cray Inc.,T3D MC512-8,United Kingdom,1996,512,50.8,76.8,57856,7136,Alpha,Alpha EV4,149.9,Cray T3E/T3D,UNICOS,MPP,Academic,Not Specified,Cray Interconnect,3-D Torus,Northern Europe,Europe,06/1996
23,The Angstrom Technology Partnership,Fujitsu,VPP500/32,Japan,1993,32,42.4,51.2,20736,4940,Fujitsu,Fujitsu,100.0,Fujitsu VPP,UXP/V,MPP,Research,Not Specified,Crossbar,Full distributed crossbar,Eastern Asia,Asia,06/1996
24,Japan Marine Science and Technology,NEC,SX-4/20,Japan,1995,20,42.4,40.0,0,0,NEC,NEC,250.0,NEC Vector,EWS-UX/V,SMP,Research,Not Specified,Crossbar,Multi-stage crossbar,Eastern Asia,Asia,06/1996
25,National Research Institute for Metals,NEC,SX-4/20,Japan,1996,20,42.4,40.0,0,0,NEC,NEC,250.0,NEC Vector,EWS-UX/V,SMP,Research,Not Specified,Crossbar,Multi-stage crossbar,Eastern Asia,Asia,06/1996
26,Toyota Central Research & Development,NEC,SX-4/20,Japan,1996,20,42.4,40.0,0,0,NEC,NEC,250.0,NEC Vector,EWS-UX/V,SMP,Industry,Automotive,Crossbar,Multi-stage crossbar,Eastern Asia,Asia,06/1996
27,University of Tsukuba,Fujitsu,VPP500/30,Japan,1993,30,39.8,48.0,0,0,Fujitsu,Fujitsu,100.0,Fujitsu VPP,UXP/V,MPP,Research,Not Specified,Crossbar,Full distributed crossbar,Eastern Asia,Asia,06/1996
28,Institute of Physical and Chemical Res. (RIKEN),Fujitsu,VPP500/28,Japan,1993,28,37.2,44.8,0,0,Fujitsu,Fujitsu,100.0,Fujitsu VPP,UXP/V,MPP,Research,Not Specified,Crossbar,Full distributed crossbar,Eastern Asia,Asia,06/1996
29,Pacific Northwest National Laboratory,IBM,SP2/208,United States,1996,208,36.45,55.32,42200,10300,Power,POWER2,66.5,IBM SP,AIX,MPP,Research,Not Specified,,,North America,Americas,06/1996
30,National Aerospace Laboratory (NLR),NEC,SX-4/16,Netherlands,1996,16,34.42,32.0,14336,960,NEC,NEC,250.0,NEC Vector,EWS-UX/V,SMP,Research,Aerospace,Crossbar,Multi-stage crossbar,Western Europe,Europe,06/1996
31,National Cardiovascular Center,NEC,SX-4/16,Japan,1996,16,34.42,32.0,14336,960,NEC,NEC,250.0,NEC Vector,EWS-UX/V,SMP,Research,Not Specified,Crossbar,Multi-stage crossbar,Eastern Asia,Asia,06/1996
32,Air Force Research Laboratory/Information Director,Intel,XP/S-MP 41,United States,1995,816,33.7,40.8,0,0,Intel i860,Intel i860 Intel 80860,50.0,intel Paragon,OSF/1,MPP,Research,Not Specified,,2-D mesh (torus),North America,Americas,06/1996
33,NCSA,Thinking Machines Corporation,CM-5/512,United States,1993,512,30.4,65.54,36864,16384,Sparc,SuperSPARC I,32.0,TMC CM5,CMOST,MPP,Academic,Not Specified,Fat Tree,"Hypercube, tree",North America,Americas,06/1996
34,National Security Agency,Thinking Machines Corporation,CM-5/512,United States,1993,512,30.4,65.54,36864,16384,Sparc,SuperSPARC I,32.0,TMC CM5,CMOST,MPP,Classified,Not Specified,Fat Tree,"Hypercube, tree",North America,Americas,06/1996
35,Nippon Telegraph and Telephone (NTT),Cray Inc.,T932/321024,Japan,1995,32,29.36,57.6,0,0,Cray,Cray,450.5,Cray Vector,UNICOS,SMP,Industry,Telecomm,,,Eastern Asia,Asia,06/1996
36,NASA/Ames Research Center/NAS,IBM,SP2/160,United States,1994,160,28.7,42.56,42200,10300,Power,POWER2,66.5,IBM SP,AIX,MPP,Research,Not Specified,,,North America,Americas,06/1996
37,Hitachi Ltd. Enterprise Server Division,Hitachi,S-3800/480,Japan,1994,4,28.4,32.0,15500,830,Hitachi,Hitachi,500.0,Hitachi Vector,VOS3/HAP/ES (IBM MVS compatible) and OSF/1,SMP,Vendor,Software,,,Eastern Asia,Asia,06/1996
38,Japan Meteorological Agency,Hitachi,S-3800/480,Japan,1995,4,28.4,32.0,15500,830,Hitachi,Hitachi,500.0,Hitachi Vector,VOS3/HAP/ES (IBM MVS compatible) and OSF/1,SMP,Research,Weather and Climate Research,,,Eastern Asia,Asia,06/1996
39,University of Tokyo,Hitachi,S-3800/480,Japan,1993,4,28.4,32.0,15500,830,Hitachi,Hitachi,500.0,Hitachi Vector,VOS3/HAP/ES (IBM MVS compatible) and OSF/1,SMP,Academic,Not Specified,,,Eastern Asia,Asia,06/1996
40,SGI,SGI,POWER CHALLENGEarray,United States,1995,128,26.653,46.08,53000,20000,MIPS,MIPS R8000,90.0,SGI PowerChallenge,IRIX,Constellations,Vendor,Benchmarking,,,North America,Americas,06/1996
41,Swiss Scientific Computing Center (CSCS),NEC,SX-4/12,Switzerland,1995,12,25.8,24.0,0,0,NEC,NEC,250.0,NEC Vector,EWS-UX/V,SMP,Research,Not Specified,Crossbar,Multi-stage crossbar,Western Europe,Europe,06/1996
42,Caltech/JPL,Cray Inc.,T3D SC256-8/264,United States,1994,256,25.3,38.4,40960,4918,Alpha,Alpha EV4,149.9,Cray T3E/T3D,UNICOS,MPP,Academic,Not Specified,Cray Interconnect,3-D Torus,North America,Americas,06/1996
43,Defense Research Agency (DRA),Cray Inc.,T3D MC256-8,United Kingdom,1994,256,25.3,38.4,40960,4918,Alpha,Alpha EV4,149.9,Cray T3E/T3D,UNICOS,MPP,Classified,Not Specified,Cray Interconnect,3-D Torus,Northern Europe,Europe,06/1996
44,Ecole Polytechnique Federale de Lausanne,Cray Inc.,T3D MC256-8,Switzerland,1994,256,25.3,38.4,40960,4918,Alpha,Alpha EV4,149.9,Cray T3E/T3D,UNICOS,MPP,Academic,Not Specified,Cray Interconnect,3-D Torus,Western Europe,Europe,06/1996
45,Los Alamos National Laboratory,Cray Inc.,T3D SC256-8/464,United States,1994,256,25.3,38.4,40960,4918,Alpha,Alpha EV4,149.9,Cray T3E/T3D,UNICOS,MPP,Research,Not Specified,Cray Interconnect,3-D Torus,North America,Americas,06/1996
46,NERSC/LLNL,Cray Inc.,T3D SC256-8/364,United States,1994,256,25.3,38.4,40960,4918,Alpha,Alpha EV4,149.9,Cray T3E/T3D,UNICOS,MPP,Research,Energy,Cray Interconnect,3-D Torus,North America,Americas,06/1996
47,Petroleum Company (A),Cray Inc.,T3D MC256-8,United States,1995,256,25.3,38.4,40960,4918,Alpha,Alpha EV4,149.9,Cray T3E/T3D,UNICOS,MPP,Industry,Geophysics,Cray Interconnect,3-D Torus,North America,Americas,06/1996
48,ZIB/Konrad Zuse-Zentrum fuer Informationstechnik,Cray Inc.,T3D SC256-8/464,Germany,1995,256,25.3,38.4,40960,4918,Alpha,Alpha EV4,149.9,Cray T3E/T3D,UNICOS,MPP,Academic,Not Specified,Cray Interconnect,3-D Torus,Western Europe,Europe,06/1996
49,Atmospheric Environment Service (AES),NEC,SX-3/44R,Canada,1994,4,23.2,25.6,6400,830,NEC,NEC,400.0,NEC Vector,Super-UX,SMP,Research,Weather and Climate Research,Crossbar,Multi-stage crossbar,North America,Americas,06/1996
50,Tohoku University,NEC,SX-3/44R,Japan,1993,4,23.2,25.6,6400,830,NEC,NEC,400.0,NEC Vector,Super-UX,SMP,Academic,Not Specified,Crossbar,Multi-stage crossbar,Eastern Asia,Asia,06/1996
51,NCSA,SGI,POWER CHALLENGEarray,United States,1995,96,22.146,34.56,53000,20000,MIPS,MIPS R8000,90.0,SGI PowerChallenge,IRIX,Constellations,Academic,Not Specified,,,North America,Americas,06/1996
52,Hokkaido University,Hitachi,S-3800/380,Japan,1994,3,21.6,24.0,15680,760,Hitachi,Hitachi,500.0,Hitachi Vector,VOS3/HAP/ES (IBM MVS compatible) and OSF/1,SMP,Academic,Not Specified,,,Eastern Asia,Asia,06/1996
53,Institute for Materials Research/Tohoku University,Hitachi,S-3800/380,Japan,1994,3,21.6,24.0,15680,760,Hitachi,Hitachi,500.0,Hitachi Vector,VOS3/HAP/ES (IBM MVS compatible) and OSF/1,SMP,Academic,Not Specified,,,Eastern Asia,Asia,06/1996
54,Kyoto University,Fujitsu,VPP500/15,Japan,1994,15,20.3,24.0,0,0,Fujitsu,Fujitsu,100.0,Fujitsu VPP,UXP/V,MPP,Academic,Not Specified,Crossbar,Full distributed crossbar,Eastern Asia,Asia,06/1996
55,Atmospheric Environment Service (AES),NEC,SX-3/44,Canada,1991,4,20.0,22.0,6144,832,NEC,NEC,343.8,NEC Vector,Super-UX,SMP,Research,Weather and Climate Research,Crossbar,Multi-stage crossbar,North America,Americas,06/1996
56,ETH,Intel,XP/S-MP 22,Switzerland,1995,450,18.7,22.5,0,0,Intel i860,Intel i860 Intel 80860,50.0,intel Paragon,OSF/1,MPP,Academic,Not Specified,,2-D mesh (torus),Western Europe,Europe,06/1996
57,MCI Worldcom,IBM,SP2/104,United States,1994,104,18.59,27.664,0,0,Power,POWER2,66.5,IBM SP,AIX,MPP,Industry,Telecomm,,,North America,Americas,06/1996
58,US Army Research Laboratory (ARL),SGI,POWER CHALLENGEarray,United States,1995,96,18.455,28.8,53000,20000,MIPS,MIPS R8000,75.0,SGI PowerChallenge,IRIX,Constellations,Research,Not Specified,HIPPI,HIPPI,North America,Americas,06/1996
59,Institute for Molecular Science,NEC,SX-3/34R,Japan,1993,3,17.4,19.2,6144,691,NEC,NEC,400.0,NEC Vector,Super-UX,SMP,Research,Not Specified,Crossbar,Multi-stage crossbar,Eastern Asia,Asia,06/1996
60,ATR Optical Communication Lab,NEC,SX-4/8,Japan,1996,8,17.2,16.0,0,0,NEC,NEC,250.0,NEC Vector,EWS-UX/V,SMP,Research,Not Specified,Crossbar,Multi-stage crossbar,Eastern Asia,Asia,06/1996
61,Atmospheric Environment Service (AES),NEC,SX-4/8,Canada,1995,8,17.2,16.0,0,0,NEC,NEC,250.0,NEC Vector,EWS-UX/V,SMP,Research,Weather and Climate Research,Crossbar,Multi-stage crossbar,North America,Americas,06/1996
62,Danish Meteorological Institute,NEC,SX-4/8,Denmark,1996,8,17.2,16.0,0,0,NEC,NEC,250.0,NEC Vector,EWS-UX/V,SMP,Research,Not Specified,Crossbar,Multi-stage crossbar,Northern Europe,Europe,06/1996
63,National Geographic Agency,NEC,SX-4/8,Japan,1996,8,17.2,16.0,0,0,NEC,NEC,250.0,NEC Vector,EWS-UX/V,SMP,Research,Not Specified,Crossbar,Multi-stage crossbar,Eastern Asia,Asia,06/1996
64,KTH - Royal Institute of Technology,IBM,SP2/96,Sweden,1996,96,17.17,25.536,0,0,Power,POWER2,66.5,IBM SP,AIX,MPP,Academic,Not Specified,,,Northern Europe,Europe,06/1996
65,Silicon Graphics,SGI,POWER CHALLENGEarray,Switzerland,1995,64,15.598,23.04,37000,8500,MIPS,MIPS R8000,90.0,SGI PowerChallenge,IRIX,Constellations,Vendor,Benchmarking,,,Western Europe,Europe,06/1996
66,Forschungszentrum Juelich (FZJ),Cray Inc.,T916/12512,Germany,1996,12,15.43,21.6,0,0,Cray,Cray,450.5,Cray Vector,UNICOS,SMP,Research,Not Specified,,,Western Europe,Europe,06/1996
67,Caltech,Intel,XP/S35,United States,1994,512,15.2,26.0,23000,9000,Intel i860,Intel i860 Intel 80860,50.0,intel Paragon,OSF/1,MPP,Academic,Not Specified,,2-D mesh (torus),North America,Americas,06/1996
68,Oak Ridge National Laboratory,Intel,XP/S35,United States,1992,512,15.2,26.0,23000,9000,Intel i860,Intel i860 Intel 80860,50.0,intel Paragon,OSF/1,MPP,Research,Not Specified,,2-D mesh (torus),North America,Americas,06/1996
69,NIH (National Institutes of Health),IBM,SP2/85,United States,1995,85,15.19,22.61,0,0,Power,POWER2,66.5,IBM SP,AIX,MPP,Research,Not Specified,,,North America,Americas,06/1996
70,Geco-Prakla,Thinking Machines Corporation,CM-5/256,United States,1994,256,15.1,32.77,26112,12032,Sparc,SuperSPARC I,32.0,TMC CM5,CMOST,MPP,Industry,Geophysics,Fat Tree,"Hypercube, tree",North America,Americas,06/1996
71,Geco-Prakla,Thinking Machines Corporation,CM-5/256,United States,1995,256,15.1,32.77,26112,12032,Sparc,SuperSPARC I,32.0,TMC CM5,CMOST,MPP,Industry,Geophysics,Fat Tree,"Hypercube, tree",North America,Americas,06/1996
72,Government,Thinking Machines Corporation,CM-5/256,United States,1993,256,15.1,32.77,26112,12032,Sparc,SuperSPARC I,32.0,TMC CM5,CMOST,MPP,Classified,Not Specified,Fat Tree,"Hypercube, tree",North America,Americas,06/1996
73,Naval Research Laboratory (NRL),Thinking Machines Corporation,CM-5/256,United States,1992,256,15.1,32.77,26112,12032,Sparc,SuperSPARC I,32.0,TMC CM5,CMOST,MPP,Research,Not Specified,Fat Tree,"Hypercube, tree",North America,Americas,06/1996
74,Central Research Institute of Electric Power Industry/CRIEPI,Hitachi,S-3800/280,Japan,1996,2,14.6,16.0,15680,570,Hitachi,Hitachi,500.0,Hitachi Vector,VOS3/HAP/ES (IBM MVS compatible) and OSF/1,SMP,Research,Not Specified,,,Eastern Asia,Asia,06/1996
75,SARA (Stichting Academisch Rekencentrum),IBM,SP2/76,Netherlands,1995,76,14.31,20.216,0,0,Power,POWER2,66.5,IBM SP,AIX,MPP,Academic,Not Specified,,,Western Europe,Europe,06/1996
76,National Center for High Performance Computing,IBM,SP2/80,Taiwan,1996,80,14.3,21.28,0,0,Power,POWER2,66.5,IBM SP,AIX,MPP,Academic,Not Specified,,,Eastern Asia,Asia,06/1996
77,Centre Informatique National (CINES),IBM,SP2/79,France,1996,79,14.12,21.014,0,0,Power,POWER2,66.5,IBM SP,AIX,MPP,Academic,Not Specified,,,Western Europe,Europe,06/1996
78,Caltech,Intel,Delta,United States,1991,512,13.9,20.48,25000,7500,Intel i860,Intel i860 Intel 80860,40.0,intel Paragon,OSF/1,MPP,Academic,Not Specified,,,North America,Americas,06/1996
79,Leibniz Rechenzentrum,IBM,SP2/77,Germany,1995,77,13.76,20.482,0,0,Power,POWER2,66.5,IBM SP,AIX,MPP,Academic,Not Specified,,,Western Europe,Europe,06/1996
80,Sears Product Service Group,IBM,SP2/77,United States,1996,77,13.76,20.482,0,0,Power,POWER2,66.5,IBM SP,AIX,MPP,Industry,Database,,,North America,Americas,06/1996
81,Cray Research,Cray Inc.,Y-MP C916/16256,United States,1992,16,13.7,15.238,10000,650,Cray,Cray,238.1,Cray Vector,UNICOS,SMP,Vendor,Not Specified,,,North America,Americas,06/1996
82,DKRZ - Deutsches Klimarechenzentrum,Cray Inc.,Y-MP C916/16256,Germany,1995,16,13.7,15.238,10000,650,Cray,Cray,238.1,Cray Vector,UNICOS,SMP,Research,Weather and Climate Research,,,Western Europe,Europe,06/1996
83,DOE/Bettis Atomic Power Laboratory,Cray Inc.,Y-MP C916/16256,United States,1993,16,13.7,15.238,10000,650,Cray,Cray,238.1,Cray Vector,UNICOS,SMP,Research,Not Specified,,,North America,Americas,06/1996
84,DOE/Knolls Atomic Power Laboratory,Cray Inc.,Y-MP C916/16256,United States,1993,16,13.7,15.238,10000,650,Cray,Cray,238.1,Cray Vector,UNICOS,SMP,Research,Not Specified,,,North America,Americas,06/1996
85,ECMWF,Cray Inc.,Y-MP C916/16256,United Kingdom,1994,16,13.7,15.238,10000,650,Cray,Cray,238.1,Cray Vector,UNICOS,SMP,Research,Weather and Climate Research,,,Northern Europe,Europe,06/1996
86,ERDC MSRC,Cray Inc.,Y-MP C916/161024,United States,1994,16,13.7,15.238,10000,650,Cray,Cray,238.1,Cray Vector,UNICOS,SMP,Research,Mechanics,,,North America,Americas,06/1996
87,Ford Motor Company,Cray Inc.,Y-MP C916/16512,United States,1995,16,13.7,15.238,10000,650,Cray,Cray,238.1,Cray Vector,UNICOS,SMP,Industry,Automotive,,,North America,Americas,06/1996
88,Ford Motor Company,Cray Inc.,Y-MP C916/16512,United States,1993,16,13.7,15.238,10000,650,Cray,Cray,238.1,Cray Vector,UNICOS,SMP,Industry,Automotive,,,North America,Americas,06/1996
89,Government,Cray Inc.,Y-MP C916/161024,United States,1992,16,13.7,15.238,10000,650,Cray,Cray,238.1,Cray Vector,UNICOS,SMP,Classified,Not Specified,,,North America,Americas,06/1996
90,Government,Cray Inc.,Y-MP C916/161024,United States,1992,16,13.7,15.238,10000,650,Cray,Cray,238.1,Cray Vector,UNICOS,SMP,Classified,Not Specified,,,North America,Americas,06/1996
91,Government,Cray Inc.,Y-MP C916/161024,United States,1992,16,13.7,15.238,10000,650,Cray,Cray,238.1,Cray Vector,UNICOS,SMP,Classified,Not Specified,,,North America,Americas,06/1996
92,Government,Cray Inc.,Y-MP C916/16512,United States,1994,16,13.7,15.238,10000,650,Cray,Cray,238.1,Cray Vector,UNICOS,SMP,Classified,Not Specified,,,North America,Americas,06/1996
93,Government,Cray Inc.,Y-MP C916/161024,United States,1992,16,13.7,15.238,10000,650,Cray,Cray,238.1,Cray Vector,UNICOS,SMP,Classified,Not Specified,,,North America,Americas,06/1996
94,Government Communications Headquarters,Cray Inc.,Y-MP C916/16256,United Kingdom,1994,16,13.7,15.238,10000,650,Cray,Cray,238.1,Cray Vector,UNICOS,SMP,Classified,Not Specified,,,Northern Europe,Europe,06/1996
95,KISTI Supercomputing Center,Cray Inc.,Y-MP C916/16512,"Korea, South",1993,16,13.7,15.238,10000,650,Cray,Cray,238.1,Cray Vector,UNICOS,SMP,Research,Information Processing Service,,,Eastern Asia,Asia,06/1996
96,MITI - AIST - RIPS,Cray Inc.,Y-MP C916/16256,Japan,1994,16,13.7,15.238,10000,650,Cray,Cray,238.1,Cray Vector,UNICOS,SMP,Research,Not Specified,,,Eastern Asia,Asia,06/1996
97,MITI - AIST - RIPS,Cray Inc.,Y-MP C916/161024,Japan,1994,16,13.7,15.238,10000,650,Cray,Cray,238.1,Cray Vector,UNICOS,SMP,Research,Not Specified,,,Eastern Asia,Asia,06/1996
98,NASA/Ames Research Center/NAS,Cray Inc.,Y-MP C916/161024,United States,1993,16,13.7,15.238,10000,650,Cray,Cray,238.1,Cray Vector,UNICOS,SMP,Research,Not Specified,,,North America,Americas,06/1996
99,NERSC/LBNL,Cray Inc.,Y-MP C916/16256,United States,1992,16,13.7,15.238,10000,650,Cray,Cray,238.1,Cray Vector,UNICOS,SMP,Research,Not Specified,,,North America,Americas,06/1996
100,NERSC/LLNL,Cray Inc.,Y-MP C916/16256,United States,1992,16,13.7,15.238,10000,650,Cray,Cray,238.1,Cray Vector,UNICOS,SMP,Research,Energy,,,North America,Americas,06/1996
101,NOAA,Cray Inc.,Y-MP C916/16256,United States,1994,16,13.7,15.238,10000,650,Cray,Cray,238.1,Cray Vector,UNICOS,SMP,Research,Weather and Climate Research,,,North America,Americas,06/1996
102,NOAA/Geophysical Fluid Dynamics Laboratory (GFDL),Cray Inc.,Y-MP C916/16256,United States,1995,16,13.7,15.238,10000,650,Cray,Cray,238.1,Cray Vector,UNICOS,SMP,Research,Weather and Climate Research,,,North America,Americas,06/1996
103,NOAA/National Centers for Environment Prediction,Cray Inc.,Y-MP C916/16256,United States,1994,16,13.7,15.238,10000,650,Cray,Cray,238.1,Cray Vector,UNICOS,SMP,Research,Weather and Climate Research,,,North America,Americas,06/1996
104,National Security Agency,Cray Inc.,Y-MP C916/16512,United States,1994,16,13.7,15.238,10000,650,Cray,Cray,238.1,Cray Vector,UNICOS,SMP,Classified,Not Specified,,,North America,Americas,06/1996
105,Naval Oceanographic Office (NAVOCEANO),Cray Inc.,Y-MP C916/161024,United States,1994,16,13.7,15.238,10000,650,Cray,Cray,238.1,Cray Vector,UNICOS,SMP,Research,Weather and Climate Research,,,North America,Americas,06/1996
106,Pittsburgh Supercomputing Center,Cray Inc.,Y-MP C916/16512,United States,1994,16,13.7,15.238,10000,650,Cray,Cray,238.1,Cray Vector,UNICOS,SMP,Academic,Not Specified,,,North America,Americas,06/1996
107,Silicon Graphics,Cray Inc.,Y-MP C916/16512,United States,1992,16,13.7,15.238,10000,650,Cray,Cray,238.1,Cray Vector,UNICOS,SMP,Vendor,Not Specified,,,North America,Americas,06/1996
108,"Tohoku University, Institute of Fluid Science",Cray Inc.,Y-MP C916/161024,Japan,1994,16,13.7,15.238,10000,650,Cray,Cray,238.1,Cray Vector,UNICOS,SMP,Academic,Not Specified,,,Eastern Asia,Asia,06/1996
109,United Kingdom Meteorological Office,Cray Inc.,Y-MP C916/16256,United Kingdom,1994,16,13.7,15.238,10000,650,Cray,Cray,238.1,Cray Vector,UNICOS,SMP,Research,Weather and Climate Research,,,Northern Europe,Europe,06/1996
110,Communications Res. Lab. (CRL),Fujitsu,VPP500/10,Japan,1993,10,13.6,16.0,0,0,Fujitsu,Fujitsu,100.0,Fujitsu VPP,UXP/V,MPP,Research,Not Specified,Crossbar,Full distributed crossbar,Eastern Asia,Asia,06/1996
111,Veritas DGC,NEC,SX-4/6,United States,1996,6,12.9,12.0,0,0,NEC,NEC,250.0,NEC Vector,EWS-UX/V,SMP,Industry,Geophysics,Crossbar,Multi-stage crossbar,North America,Americas,06/1996
112,Nuclear Power Engineering,IBM,SP2/72,Japan,1995,72,12.87,19.152,0,0,Power,POWER2,66.5,IBM SP,AIX,MPP,Industry,Energy,,,Eastern Asia,Asia,06/1996
113,Air Force/Eglin Air Force Base,Cray Inc.,T3D MC128-8,United States,1994,128,12.8,19.2,20736,3408,Alpha,Alpha EV4,149.9,Cray T3E/T3D,UNICOS,MPP,Classified,Not Specified,Cray Interconnect,3-D Torus,North America,Americas,06/1996
114,CNRS/IDRIS,Cray Inc.,T3D MCA128-8,France,1995,128,12.8,19.2,20736,3408,Alpha,Alpha EV4,149.9,Cray T3E/T3D,UNICOS,MPP,Academic,Not Specified,Cray Interconnect,3-D Torus,Western Europe,Europe,06/1996
115,Commissariat a l'Energie Atomique (CEA),Cray Inc.,T3D MCA128-8,France,1994,128,12.8,19.2,20736,3408,Alpha,Alpha EV4,149.9,Cray T3E/T3D,UNICOS,MPP,Research,Energy,Cray Interconnect,3-D Torus,Western Europe,Europe,06/1996
116,Commissariat a l'Energie Atomique (CEA),Cray Inc.,T3D MC128-8,France,1993,128,12.8,19.2,20736,3408,Alpha,Alpha EV4,149.9,Cray T3E/T3D,UNICOS,MPP,Research,Not Specified,Cray Interconnect,3-D Torus,Western Europe,Europe,06/1996
117,Compagnie Generale de Geophysique (CGG),Cray Inc.,T3D MCA128-8,France,1995,128,12.8,19.2,20736,3408,Alpha,Alpha EV4,149.9,Cray T3E/T3D,UNICOS,MPP,Industry,Geophysics,Cray Interconnect,3-D Torus,Western Europe,Europe,06/1996
118,Cray Research,Cray Inc.,T3D MC128-8,United States,1995,128,12.8,19.2,20736,3408,Alpha,Alpha EV4,149.9,Cray T3E/T3D,UNICOS,MPP,Vendor,Not Specified,Cray Interconnect,3-D Torus,North America,Americas,06/1996
119,ECMWF,Cray Inc.,T3D MCA128-8,United Kingdom,1994,128,12.8,19.2,20736,3408,Alpha,Alpha EV4,149.9,Cray T3E/T3D,UNICOS,MPP,Research,Weather and Climate Research,Cray Interconnect,3-D Torus,Northern Europe,Europe,06/1996
120,Environmental Protection Agency,Cray Inc.,T3D MCA128-8,United States,1995,128,12.8,19.2,20736,3408,Alpha,Alpha EV4,149.9,Cray T3E/T3D,UNICOS,MPP,Research,Not Specified,Cray Interconnect,3-D Torus,North America,Americas,06/1996
121,Max-Planck-Gesellschaft MPI/IPP,Cray Inc.,T3D MCA128-8,Germany,1995,128,12.8,19.2,20736,3408,Alpha,Alpha EV4,149.9,Cray T3E/T3D,UNICOS,MPP,Research,Not Specified,Cray Interconnect,3-D Torus,Western Europe,Europe,06/1996
122,Phillips Petroleum Company,Cray Inc.,T3D MC128-8,United States,1994,128,12.8,19.2,20736,3408,Alpha,Alpha EV4,149.9,Cray T3E/T3D,UNICOS,MPP,Industry,Geophysics,Cray Interconnect,3-D Torus,North America,Americas,06/1996
123,Reactor & Nuclear Fuel Development,Cray Inc.,T3D MCA128-2,Japan,1994,128,12.8,19.2,20736,3408,Alpha,Alpha EV4,149.9,Cray T3E/T3D,UNICOS,MPP,Research,Not Specified,Cray Interconnect,3-D Torus,Eastern Asia,Asia,06/1996
124,Silicon Graphics,Cray Inc.,T3D MCA128-8,United States,1996,128,12.8,19.2,20736,3408,Alpha,Alpha EV4,149.9,Cray T3E/T3D,UNICOS,MPP,Vendor,Not Specified,Cray Interconnect,3-D Torus,North America,Americas,06/1996
125,"Tohoku University, Institute of Fluid Science",Cray Inc.,T3D MCA128-8,Japan,1994,128,12.8,19.2,20736,3408,Alpha,Alpha EV4,149.9,Cray T3E/T3D,UNICOS,MPP,Academic,Not Specified,Cray Interconnect,3-D Torus,Eastern Asia,Asia,06/1996
126,UCSD/San Diego Supercomputer Center,Cray Inc.,T3D MCA128-8,United States,1995,128,12.8,19.2,20736,3408,Alpha,Alpha EV4,149.9,Cray T3E/T3D,UNICOS,MPP,Academic,Not Specified,Cray Interconnect,3-D Torus,North America,Americas,06/1996
127,University of Alaska - ARSC,Cray Inc.,T3D MC128-8,United States,1995,128,12.8,19.2,20736,3408,Alpha,Alpha EV4,149.9,Cray T3E/T3D,UNICOS,MPP,Academic,Not Specified,Cray Interconnect,3-D Torus,North America,Americas,06/1996
128,Universitaet Karlsruhe,IBM,SP2 77 MHz wide,Germany,1996,56,12.7,17.24,0,0,Power,POWER2,77.0,IBM SP,AIX,MPP,Academic,Not Specified,,,Western Europe,Europe,06/1996
129,PIK,IBM,SP2/69,Germany,1996,69,12.33,18.354,0,0,Power,POWER2,66.5,IBM SP,AIX,MPP,Research,Not Specified,,,Western Europe,Europe,06/1996
130,ONERA,Intel,XP/S-MP 15,France,1995,294,12.25,14.7,0,0,Intel i860,Intel i860 Intel 80860,50.0,intel Paragon,OSF/1,MPP,Research,Aerospace,,2-D mesh (torus),Western Europe,Europe,06/1996
131,DLR,IBM,SP2/68,Germany,1996,68,12.15,18.088,0,0,Power,POWER2,66.5,IBM SP,AIX,MPP,Research,Not Specified,,,Western Europe,Europe,06/1996
132,Oak Ridge National Laboratory,Intel,XP/S-MP 14,United States,1995,288,12.0,14.4,0,0,Intel i860,Intel i860 Intel 80860,50.0,intel Paragon,OSF/1,MPP,Research,Not Specified,,2-D mesh (torus),North America,Americas,06/1996
133,BellSouth,IBM,SP2/67,United States,1995,67,11.97,17.822,0,0,Power,POWER2,66.5,IBM SP,AIX,MPP,Industry,Telecomm,,,North America,Americas,06/1996
134,UCSD/San Diego Supercomputer Center,Intel,XP/S30,United States,1993,400,11.9,20.0,0,0,Intel i860,Intel i860 Intel 80860,50.0,intel Paragon,OSF/1,MPP,Academic,Not Specified,,2-D mesh (torus),North America,Americas,06/1996
135,CERN,IBM,SP2/65,Switzerland,1995,65,11.62,17.29,0,0,Power,POWER2,66.5,IBM SP,AIX,MPP,Research,Not Specified,,,Western Europe,Europe,06/1996
136,German Aerospace Laboratory (DLR),NEC,SX-3/24R,Germany,1994,2,11.6,12.8,4352,516,NEC,NEC,400.0,NEC Vector,Super-UX,SMP,Research,Aerospace,Crossbar,Multi-stage crossbar,Western Europe,Europe,06/1996
137,National Institute for Fusion Science,NEC,SX-3/24R,Japan,1993,2,11.6,12.8,4352,516,NEC,NEC,400.0,NEC Vector,Super-UX,SMP,Research,Not Specified,Crossbar,Multi-stage crossbar,Eastern Asia,Asia,06/1996
138,Swiss Scientific Computing Center (CSCS),NEC,SX-3/24R,Switzerland,1994,2,11.6,12.8,4352,516,NEC,NEC,400.0,NEC Vector,Super-UX,SMP,Research,Not Specified,Crossbar,Multi-stage crossbar,Western Europe,Europe,06/1996
139,VW (Volkswagen AG),NEC,SX-3/24R,Germany,1995,2,11.6,12.8,4352,516,NEC,NEC,400.0,NEC Vector,Super-UX,SMP,Industry,Automotive,Crossbar,Multi-stage crossbar,Western Europe,Europe,06/1996
140,InterUniversity,IBM,SP2/64,Israel,1996,64,11.4,17.024,26500,6250,Power,POWER2,66.5,IBM SP,AIX,MPP,Academic,Not Specified,,,Western Asia,Asia,06/1996
141,Maui High-Performance Computing Center (MHPCC),IBM,SP2/64,United States,1994,64,11.4,17.024,26500,6250,Power,POWER2,66.5,IBM SP,AIX,MPP,Research,Not Specified,,,North America,Americas,06/1996
142,Fujitsu System Evaluation Center,Fujitsu,VPP500/8,Japan,1993,8,11.0,12.8,10368,2025,Fujitsu,Fujitsu,100.0,Fujitsu VPP,UXP/V,MPP,Vendor,Not Specified,Crossbar,Full distributed crossbar,Eastern Asia,Asia,06/1996
143,Commissariat a l'Energie Atomique (CEA),Cray Inc.,T916/8256,France,1996,8,10.88,14.4,0,0,Cray,Cray,450.5,Cray Vector,UNICOS,SMP,Research,Not Specified,,,Western Europe,Europe,06/1996
144,Tokyo Metropolitan University,IBM,SP2/60,Japan,1995,60,10.73,15.96,0,0,Power,POWER2,66.5,IBM SP,AIX,MPP,Academic,Not Specified,,,Eastern Asia,Asia,06/1996
145,Pennsylvania State University,IBM,SP2/59,United States,1994,59,10.52,15.694,0,0,Power,POWER2,66.5,IBM SP,AIX,MPP,Academic,Not Specified,,,North America,Americas,06/1996
146,Hewlett-Packard CXTC,Hewlett-Packard,SPP1600/XA-64,United States,1996,64,10.402,15.36,0,0,PA-RISC,PA-RISC PA-7200,120.0,HP Superdome,SPP-UX,MPP,Vendor,Benchmarking,Proprietary,Ring,North America,Americas,06/1996
147,"GSIC Center, Tokyo Institute of Technology",Cray Inc.,Y-MP C916/12256,Japan,1995,12,10.27,11.429,0,0,Cray,Cray,238.1,Cray Vector,UNICOS,SMP,Academic,Not Specified,,,Eastern Asia,Asia,06/1996
148,National Aerospace Laboratory of Japan,Intel,XP/S25,Japan,1994,336,10.0,16.8,0,0,Intel i860,Intel i860 Intel 80860,50.0,intel Paragon,OSF/1,MPP,Research,Not Specified,,2-D mesh (torus),Eastern Asia,Asia,06/1996
149,Space and Naval Warfare Systems Center (NRAD),Intel,XP/S25,United States,1994,336,10.0,16.8,0,0,Intel i860,Intel i860 Intel 80860,50.0,intel Paragon,OSF/1,MPP,Research,Not Specified,,2-D mesh (torus),North America,Americas,06/1996
150,Los Alamos National Laboratory,Thinking Machines Corporation,CM-200/64k,United States,1993,2048,9.8,20.0,29696,11264,TMC CM2,TMC CM2,10.0,TMC CM2,CMOST,SIMD,Research,Not Specified,,,North America,Americas,06/1996
151,Los Alamos National Laboratory,Thinking Machines Corporation,CM-200/64k,United States,1993,2048,9.8,20.0,29696,11264,TMC CM2,TMC CM2,10.0,TMC CM2,CMOST,SIMD,Research,Not Specified,,,North America,Americas,06/1996
152,Autozone,IBM,SP2/54,United States,1995,54,9.68,14.364,0,0,Power,POWER2,66.5,IBM SP,AIX,MPP,Industry,Database,,,North America,Americas,06/1996
153,Institute of Space & Astronautical Science (ISAS),Fujitsu,VPP500/7,Japan,1993,7,9.65,11.2,0,0,Fujitsu,Fujitsu,100.0,Fujitsu VPP,UXP/V,MPP,Research,Not Specified,Crossbar,Full distributed crossbar,Eastern Asia,Asia,06/1996
154,Government,SGI,POWER CHALLENGEarray,United States,1995,40,9.398,14.4,27000,6775,MIPS,MIPS R8000,90.0,SGI PowerChallenge,IRIX,Constellations,Classified,Not Specified,,,North America,Americas,06/1996
155,Government,SGI,POWER CHALLENGEarray,United States,1995,40,9.398,14.4,27000,6775,MIPS,MIPS R8000,90.0,SGI PowerChallenge,IRIX,Constellations,Classified,Not Specified,,,North America,Americas,06/1996
156,Federal Express,IBM,SP2/50,United States,1995,50,9.06,13.3,0,0,Power,POWER2,66.5,IBM SP,AIX,MPP,Industry,Database,,,North America,Americas,06/1996
157,Nihon Genken Tokai,IBM,SP2/50,Japan,1995,50,9.06,13.3,0,0,Power,POWER2,66.5,IBM SP,AIX,MPP,Research,Not Specified,,,Eastern Asia,Asia,06/1996
158,Ensign Geophysics,IBM,SP2/48,United Kingdom,1996,48,8.6,12.768,0,0,Power,POWER2,66.5,IBM SP,AIX,MPP,Industry,Geophysics,,,Northern Europe,Europe,06/1996
159,Institute of Statistical Mathematics,IBM,SP2/48,Japan,1995,48,8.6,12.768,0,0,Power,POWER2,66.5,IBM SP,AIX,MPP,Research,Not Specified,,,Eastern Asia,Asia,06/1996
160,NASA/Langley Research Center,IBM,SP2/48,United States,1994,48,8.6,12.768,0,0,Power,POWER2,66.5,IBM SP,AIX,MPP,Research,Not Specified,,,North America,Americas,06/1996
161,Okazaki Bunshi Ken,IBM,SP2/48,Japan,1994,48,8.6,12.768,0,0,Power,POWER2,66.5,IBM SP,AIX,MPP,Research,Not Specified,,,Eastern Asia,Asia,06/1996
162,PCS Health Systems,IBM,SP2/48,United States,1996,48,8.6,12.768,0,0,Power,POWER2,66.5,IBM SP,AIX,MPP,Industry,Not Specified,,,North America,Americas,06/1996
163,Rika dai,IBM,SP2/48,Japan,1996,48,8.6,12.768,0,0,Power,POWER2,66.5,IBM SP,AIX,MPP,Academic,Not Specified,,,Eastern Asia,Asia,06/1996
164,University of Michigan,IBM,SP2/48,United States,1996,48,8.6,12.768,0,0,Power,POWER2,66.5,IBM SP,AIX,MPP,Academic,Not Specified,,,North America,Americas,06/1996
165,German Aerospace Laboratory (DLR),NEC,SX-4/4,Germany,1996,4,8.6,8.0,0,0,NEC,NEC,250.0,NEC Vector,EWS-UX/V,SMP,Research,Aerospace,Crossbar,Multi-stage crossbar,Western Europe,Europe,06/1996
166,"Tohoku University, Kohgaku-bu",IBM,SP2/46,Japan,1996,46,8.25,12.236,0,0,Power,POWER2,66.5,IBM SP,AIX,MPP,Academic,Not Specified,,,Eastern Asia,Asia,06/1996
167,Universitaet Heidelberg - IWR,Parsytec,GC PowerPlus/192,Germany,1995,192,7.999,15.36,27192,9500,Power,PowerPC 601,80.0,Parytec,PARIX,MPP,Academic,Not Specified,,,Western Europe,Europe,06/1996
168,Universitaet Paderborn - PC2,Parsytec,GC PowerPlus/192,Germany,1995,192,7.999,15.36,27192,9500,Power,PowerPC 601,80.0,Parytec,PARIX,MPP,Academic,Not Specified,,,Western Europe,Europe,06/1996
169,Centre de Supercomputacio de Catalunya,IBM,SP2/44,Spain,1996,44,7.9,11.704,0,0,Power,POWER2,66.5,IBM SP,AIX,MPP,Academic,Not Specified,,,Southern Europe,Europe,06/1996
170,Government,SGI,POWER CHALLENGEarray,United States,1995,40,7.831,12.0,27000,6775,MIPS,MIPS R8000,75.0,SGI PowerChallenge,IRIX,Constellations,Classified,Not Specified,HIPPI,HIPPI,North America,Americas,06/1996
171,Government,SGI,POWER CHALLENGEarray,United States,1995,40,7.831,12.0,27000,6775,MIPS,MIPS R8000,75.0,SGI PowerChallenge,IRIX,Constellations,Classified,Not Specified,HIPPI,HIPPI,North America,Americas,06/1996
172,Government,SGI,POWER CHALLENGEarray,United States,1995,40,7.831,12.0,27000,6775,MIPS,MIPS R8000,75.0,SGI PowerChallenge,IRIX,Constellations,Classified,Not Specified,HIPPI,HIPPI,North America,Americas,06/1996
173,Government,SGI,POWER CHALLENGEarray,United States,1995,40,7.831,12.0,27000,6775,MIPS,MIPS R8000,75.0,SGI PowerChallenge,IRIX,Constellations,Classified,Not Specified,HIPPI,HIPPI,North America,Americas,06/1996
174,The Angstrom Technology Partnership,Thinking Machines Corporation,CM-5E/128,Japan,1994,128,7.7,20.48,18432,8192,Sparc,SuperSPARC I,40.0,TMC CM5,CMOST,MPP,Research,Not Specified,,,Eastern Asia,Asia,06/1996
175,American Express,Thinking Machines Corporation,CM-5/128,United States,1993,128,7.7,16.38,18432,8192,Sparc,SuperSPARC I,32.0,TMC CM5,CMOST,MPP,Industry,Finance,Fat Tree,"Hypercube, tree",North America,Americas,06/1996
176,Government,Thinking Machines Corporation,CM-5/128,United States,1993,128,7.7,16.38,18432,8192,Sparc,SuperSPARC I,32.0,TMC CM5,CMOST,MPP,Classified,Not Specified,Fat Tree,"Hypercube, tree",North America,Americas,06/1996
177,Institut de Physique du Globe de Paris (IPG),Thinking Machines Corporation,CM-5/128,France,1992,128,7.7,16.38,18432,8192,Sparc,SuperSPARC I,32.0,TMC CM5,CMOST,MPP,Research,Not Specified,Fat Tree,"Hypercube, tree",Western Europe,Europe,06/1996
178,JPL,Thinking Machines Corporation,CM-5/128,United States,1995,128,7.7,16.38,18432,8192,Sparc,SuperSPARC I,32.0,TMC CM5,CMOST,MPP,Research,Not Specified,Fat Tree,"Hypercube, tree",North America,Americas,06/1996
179,MIT,Thinking Machines Corporation,CM-5/128,United States,1993,128,7.7,16.38,18432,8192,Sparc,SuperSPARC I,32.0,TMC CM5,CMOST,MPP,Research,Not Specified,Fat Tree,"Hypercube, tree",North America,Americas,06/1996
180,Okayama University,Intel,XP/S20,Japan,1994,256,7.6,12.8,16000,4000,Intel i860,Intel i860 Intel 80860,50.0,intel Paragon,OSF/1,MPP,Academic,Not Specified,,2-D mesh (torus),Eastern Asia,Asia,06/1996
181,Wright-Patterson Air Force Base/DoD ASC,Intel,XP/S20,United States,1994,256,7.6,12.8,16000,4000,Intel i860,Intel i860 Intel 80860,50.0,intel Paragon,OSF/1,MPP,Research,Not Specified,,2-D mesh (torus),North America,Americas,06/1996
182,Federal Express,IBM,SP2/42,United States,1996,42,7.55,11.172,0,0,Power,POWER2,66.5,IBM SP,AIX,MPP,Industry,Database,,,North America,Americas,06/1996
183,Fidelity Investments,IBM,SP2/42,United States,1995,42,7.55,11.172,0,0,Power,POWER2,66.5,IBM SP,AIX,MPP,Industry,Finance,,,North America,Americas,06/1996
184,INRIA - Sophia Antipolis,SGI,POWER CHALLENGEarray,France,1995,32,7.542,11.52,22000,5600,MIPS,MIPS R8000,90.0,SGI PowerChallenge,IRIX,Constellations,Research,Not Specified,,,Western Europe,Europe,06/1996
185,NASA/ Jet Propulsion Laboratory,SGI,POWER CHALLENGEarray,United States,1995,32,7.542,11.52,22000,5600,MIPS,MIPS R8000,90.0,SGI PowerChallenge,IRIX,Constellations,Research,Not Specified,,,North America,Americas,06/1996
186,NASA/Ames Research Center/NAS,SGI,POWER CHALLENGEarray,United States,1995,32,7.542,11.52,22000,5600,MIPS,MIPS R8000,90.0,SGI PowerChallenge,IRIX,Constellations,Research,Aerospace,,,North America,Americas,06/1996
187,Boston University,SGI,POWER CHALLENGEarray,United States,1995,38,7.445,11.4,27000,6775,MIPS,MIPS R8000,75.0,SGI PowerChallenge,IRIX,Constellations,Academic,Not Specified,HIPPI,HIPPI,North America,Americas,06/1996
188,NCSA,Hewlett-Packard,SPP1200/XA-64,United States,1995,64,7.408,15.36,42000,0,PA-RISC,PA-RISC PA-7200,120.0,HP Superdome,SPP-UX,MPP,Academic,Not Specified,Proprietary,Ring,North America,Americas,06/1996
189,Meteorological Research Institute/JMA,Hitachi,S-3800/180,Japan,1993,1,7.4,8.0,15680,470,Hitachi,Hitachi,500.0,Hitachi Vector,VOS3/HAP/ES (IBM MVS compatible) and OSF/1,Single Processor,Research,Weather and Climate Research,,,Eastern Asia,Asia,06/1996
190,National Cancer Research Institute,IBM,SP2/40,Japan,1994,40,7.2,10.64,0,0,Power,POWER2,66.5,IBM SP,AIX,MPP,Research,Not Specified,,,Eastern Asia,Asia,06/1996
191,Seoul National University,IBM,SP2/40,"Korea, South",1995,40,7.2,10.64,0,0,Power,POWER2,66.5,IBM SP,AIX,MPP,Academic,Not Specified,,,Eastern Asia,Asia,06/1996
192,UNI-C,IBM,SP2/40,Denmark,1995,40,7.2,10.64,0,0,Power,POWER2,66.5,IBM SP,AIX,MPP,Academic,Not Specified,,,Northern Europe,Europe,06/1996
193,Western Geophysical,IBM,SP2/40,United Kingdom,1996,40,7.2,10.64,0,0,Power,POWER2,66.5,IBM SP,AIX,MPP,Industry,Geophysics,,,Northern Europe,Europe,06/1996
194,Suzuki Motor,Hitachi,S-3800/260,Japan,1993,2,7.1,8.0,0,0,Hitachi,Hitachi,500.0,Hitachi Vector,VOS3/HAP/ES (IBM MVS compatible) and OSF/1,SMP,Industry,Automotive,,,Eastern Asia,Asia,06/1996
195,GMD,IBM,SP2/38,Germany,1995,38,6.86,10.108,0,0,Power,POWER2,66.5,IBM SP,AIX,MPP,Research,Not Specified,,,Western Europe,Europe,06/1996
196,"University of California, Los Angeles",IBM,SP2/38,United States,1994,38,6.86,10.108,0,0,Power,POWER2,66.5,IBM SP,AIX,MPP,Academic,Not Specified,,,North America,Americas,06/1996
197,BMW AG,Cray Inc.,Y-MP C98/8256,Germany,1995,8,6.85,7.619,0,0,Cray,Cray,238.1,Cray Vector,UNICOS,SMP,Industry,Automotive,,,Western Europe,Europe,06/1996
198,CNRS/IDRIS,Cray Inc.,Y-MP C98/8512,France,1993,8,6.85,7.619,0,0,Cray,Cray,238.1,Cray Vector,UNICOS,SMP,Academic,Not Specified,,,Western Europe,Europe,06/1996
199,Electricite de France,Cray Inc.,Y-MP C98/8512,France,1994,8,6.85,7.619,0,0,Cray,Cray,238.1,Cray Vector,UNICOS,SMP,Industry,Energy,,,Western Europe,Europe,06/1996
200,Fleet Numerical Meteorology and Oceanography Center,Cray Inc.,Y-MP C916/8256,United States,1994,8,6.85,7.619,0,0,Cray,Cray,238.1,Cray Vector,UNICOS,SMP,Research,Weather and Climate Research,,,North America,Americas,06/1996
201,Ford,Cray Inc.,Y-MP C916/8512,Germany,1995,8,6.85,7.619,0,0,Cray,Cray,238.1,Cray Vector,UNICOS,SMP,Industry,Automotive,,,Western Europe,Europe,06/1996
202,IRISA,Cray Inc.,Y-MP C98/8512,France,1993,8,6.85,7.619,0,0,Cray,Cray,238.1,Cray Vector,UNICOS,SMP,Research,Aerospace,,,Western Europe,Europe,06/1996
203,Manufacturer (G),Cray Inc.,Y-MP C98/81024,United States,1995,8,6.85,7.619,0,0,Cray,Cray,238.1,Cray Vector,UNICOS,SMP,Industry,Automotive,,,North America,Americas,06/1996
204,Meteo-France,Cray Inc.,Y-MP C98/8256,France,1994,8,6.85,7.619,0,0,Cray,Cray,238.1,Cray Vector,UNICOS,SMP,Research,Weather and Climate Research,,,Western Europe,Europe,06/1996
205,Minnesota Supercomputer Center,Cray Inc.,Y-MP C916/8512,United States,1994,8,6.85,7.619,0,0,Cray,Cray,238.1,Cray Vector,UNICOS,SMP,Industry,Not Specified,,,North America,Americas,06/1996
206,NASA/Ames Research Center/CCF,Cray Inc.,Y-MP C916/8256,United States,1993,8,6.85,7.619,0,0,Cray,Cray,238.1,Cray Vector,UNICOS,SMP,Research,Aerospace,,,North America,Americas,06/1996
207,UCSD/San Diego Supercomputer Center,Cray Inc.,Y-MP C98/8128,United States,1993,8,6.85,7.619,0,0,Cray,Cray,238.1,Cray Vector,UNICOS,SMP,Academic,Not Specified,,,North America,Americas,06/1996
208,Rensselaer Polytechnic,IBM,SP2/36,United States,1994,36,6.5,9.576,0,0,Power,POWER2,66.5,IBM SP,AIX,MPP,Academic,Not Specified,,,North America,Americas,06/1996
209,CINECA,Cray Inc.,T3D MC64-8,Italy,1995,64,6.4,9.6,20736,2368,Alpha,Alpha EV4,149.9,Cray T3E/T3D,UNICOS,MPP,Academic,Not Specified,Cray Interconnect,3-D Torus,Southern Europe,Europe,06/1996
210,Mitsubishi Electric Corporation,Cray Inc.,T3D MC64-2,Japan,1994,64,6.4,9.6,20736,2368,Alpha,Alpha EV4,149.9,Cray T3E/T3D,UNICOS,MPP,Industry,Electronics,Cray Interconnect,3-D Torus,Eastern Asia,Asia,06/1996
211,Mobil / Technical Center,Cray Inc.,T3D MCA64-8,United States,1995,64,6.4,9.6,20736,2368,Alpha,Alpha EV4,149.9,Cray T3E/T3D,UNICOS,MPP,Industry,Geophysics,Cray Interconnect,3-D Torus,North America,Americas,06/1996
212,NASA/Lewis Research Center,Cray Inc.,T3D MCA64-8,United States,1994,64,6.4,9.6,20736,2368,Alpha,Alpha EV4,149.9,Cray T3E/T3D,UNICOS,MPP,Research,Not Specified,Cray Interconnect,3-D Torus,North America,Americas,06/1996
213,NCAR (National Center for Atmospheric Research),Cray Inc.,T3D MCA64-8,United States,1994,64,6.4,9.6,20736,2368,Alpha,Alpha EV4,149.9,Cray T3E/T3D,UNICOS,MPP,Research,Weather and Climate Research,Cray Interconnect,3-D Torus,North America,Americas,06/1996
214,US Naval Underwater Weapons Center,Cray Inc.,T3D MCA64-8,United States,1995,64,6.4,9.6,20736,2368,Alpha,Alpha EV4,149.9,Cray T3E/T3D,UNICOS,MPP,Classified,Not Specified,Cray Interconnect,3-D Torus,North America,Americas,06/1996
215,MCI Worldcom,IBM,SP2/35,United States,1995,35,6.34,9.31,0,0,Power,POWER2,66.5,IBM SP,AIX,MPP,Industry,Telecomm,,,North America,Americas,06/1996
216,Philipps University of Marburg,IBM,SP2/35,Germany,1995,35,6.34,9.31,0,0,Power,POWER2,66.5,IBM SP,AIX,MPP,Academic,Not Specified,,,Western Europe,Europe,06/1996
217,Shell KSEPL,IBM,SP2/35,Netherlands,1996,35,6.34,9.31,0,0,Power,POWER2,66.5,IBM SP,AIX,MPP,Industry,Geophysics,,,Western Europe,Europe,06/1996
218,ShopKo Stores,IBM,SP2/35,United States,1996,35,6.34,9.31,0,0,Power,POWER2,66.5,IBM SP,AIX,MPP,Industry,Database,,,North America,Americas,06/1996
219,Government,Intel,XP/S15,United States,1995,208,6.25,10.4,0,0,Intel i860,Intel i860 Intel 80860,50.0,intel Paragon,OSF/1,MPP,Classified,Not Specified,,2-D mesh (torus),North America,Americas,06/1996
220,NOAA,Intel,XP/S15,United States,1994,208,6.25,10.4,0,0,Intel i860,Intel i860 Intel 80860,50.0,intel Paragon,OSF/1,MPP,Research,Weather and Climate Research,,2-D mesh (torus),North America,Americas,06/1996
221,HTC,Hewlett-Packard,SPP1000/XA-64,Germany,1995,64,6.192,12.8,41000,11400,PA-RISC,PA-RISC PA-7100,100.0,HP Superdome,SPP-UX,MPP,Industry,Image Proc./Rendering,Proprietary,Ring,Western Europe,Europe,06/1996
222,Josef Stefan Institut,Hewlett-Packard,SPP1000/XA-64,Slovenia,1994,64,6.192,12.8,41000,11400,PA-RISC,PA-RISC PA-7100,100.0,HP Superdome,SPP-UX,MPP,Research,Not Specified,Proprietary,Ring,Southern Europe,Europe,06/1996
223,AMOCO,SGI,POWER CHALLENGE 10000,United States,1996,24,6.118,9.36,15000,3100,MIPS,MIPS R10000,195.0,SGI PowerChallenge,IRIX,SMP,Industry,Geophysics,,,North America,Americas,06/1996
224,BMW AG,SGI,POWER CHALLENGE 10000,Germany,1996,24,6.118,9.36,15000,3100,MIPS,MIPS R10000,195.0,SGI PowerChallenge,IRIX,SMP,Industry,Automotive,,,Western Europe,Europe,06/1996
225,Westinghouse Electric,IBM,SP2/33,United States,1996,33,5.99,8.778,0,0,Power,POWER2,66.5,IBM SP,AIX,MPP,Industry,Energy,,,North America,Americas,06/1996
226,Digital Equipment Corporation,Hewlett-Packard,AlphaServer 8400 5/350,United States,1996,12,5.904,8.4,9548,3010,Alpha,Alpha EV5,349.7,HP AlphaServer 8400,Digital Unix,SMP,Vendor,Benchmarking,Crossbar,Crossbar,North America,Americas,06/1996
227,Georgia Institute of Technology,SGI,POWER CHALLENGE 10000,United States,1996,22,5.812,8.58,15000,2900,MIPS,MIPS R10000,195.0,SGI PowerChallenge,IRIX,SMP,Research,Not Specified,,,North America,Americas,06/1996
228,Grant Tensor,Intel,XP/S14,United States,1995,192,5.8,9.6,0,0,Intel i860,Intel i860 Intel 80860,50.0,intel Paragon,OSF/1,MPP,Industry,Geophysics,,2-D mesh (torus),North America,Americas,06/1996
229,Amerada Hess,IBM,SP2/32,United States,1994,32,5.8,8.512,18000,4500,Power,POWER2,66.5,IBM SP,AIX,MPP,Industry,Geophysics,,,North America,Americas,06/1996
230,CINECA,IBM,SP2/32,Italy,1995,32,5.8,8.512,18000,4500,Power,POWER2,66.5,IBM SP,AIX,MPP,Academic,Not Specified,,,Southern Europe,Europe,06/1996
231,China Meteorological Administration,IBM,SP2/32,China,1995,32,5.8,8.512,18000,4500,Power,POWER2,66.5,IBM SP,AIX,MPP,Research,Not Specified,,,Eastern Asia,Asia,06/1996
232,HMC,IBM,SP2/32,"Korea, South",1996,32,5.8,8.512,18000,4500,Power,POWER2,66.5,IBM SP,AIX,MPP,Industry,Not Specified,,,Eastern Asia,Asia,06/1996
233,Kogiin Kagiken,IBM,SP2/32,Japan,1996,32,5.8,8.512,18000,4500,Power,POWER2,66.5,IBM SP,AIX,MPP,Research,Not Specified,,,Eastern Asia,Asia,06/1996
234,PGS Tensor,IBM,SP2/32,United States,1995,32,5.8,8.512,18000,4500,Power,POWER2,66.5,IBM SP,AIX,MPP,Industry,Geophysics,,,North America,Americas,06/1996
235,University of Hong Kong,IBM,SP2/32,Hong Kong,1995,32,5.8,8.512,18000,4500,Power,POWER2,66.5,IBM SP,AIX,MPP,Academic,Not Specified,,,Eastern Asia,Asia,06/1996
236,Bayer AG,Cray Inc.,Y-MP J932/32-4096,Germany,1996,32,5.8,6.4,10000,550,Cray,Cray,100.0,Cray Vector,UNICOS,SMP,Industry,Chemistry,,,Western Europe,Europe,06/1996
237,Cray Research,Cray Inc.,Y-MP J932/32-8192,United States,1995,32,5.8,6.4,10000,550,Cray,Cray,100.0,Cray Vector,UNICOS,SMP,Vendor,Not Specified,,,North America,Americas,06/1996
238,Japan Atomic Energy Research Institute,NEC,SX-3/41R,Japan,1992,4,5.8,6.4,3584,414,NEC,NEC,400.0,NEC Vector,Super-UX,SMP,Research,Not Specified,Crossbar,Multi-stage crossbar,Eastern Asia,Asia,06/1996
239,NASA/Goddard Space Flight Center,Cray Inc.,Y-MP J932/32-4096,United States,1995,32,5.8,6.4,10000,550,Cray,Cray,100.0,Cray Vector,UNICOS,SMP,Research,Weather and Climate Research,,,North America,Americas,06/1996
240,Osaka University,NEC,SX-3/14R,Japan,1993,1,5.8,6.4,2816,282,NEC,NEC,400.0,NEC Vector,Super-UX,Single Processor,Academic,Not Specified,,,Eastern Asia,Asia,06/1996
241,Toyota Central Research & Development,NEC,SX-3/14R,Japan,1992,1,5.8,6.4,2816,282,NEC,NEC,400.0,NEC Vector,Super-UX,Single Processor,Industry,Automotive,,,Eastern Asia,Asia,06/1996
242,University Groningen,Cray Inc.,Y-MP J932/32-4096,Netherlands,1996,32,5.8,6.4,10000,550,Cray,Cray,100.0,Cray Vector,UNICOS,SMP,Academic,Not Specified,,,Western Europe,Europe,06/1996
243,Universitaet Mainz,Hewlett-Packard,SPP1200/XA-48,Germany,1995,48,5.744,11.52,34000,0,PA-RISC,PA-RISC PA-7200,120.0,HP Superdome,SPP-UX,MPP,Academic,Not Specified,Proprietary,Ring,Western Europe,Europe,06/1996
244,Boeing,Cray Inc.,T94/4128,United States,1996,4,5.735,7.2,0,0,Cray,Cray,450.5,Cray Vector,UNICOS,SMP,Industry,Aerospace,,,North America,Americas,06/1996
245,Cray Research,Cray Inc.,T94/4128,United States,1995,4,5.735,7.2,0,0,Cray,Cray,450.5,Cray Vector,UNICOS,SMP,Vendor,Not Specified,,,North America,Americas,06/1996
246,Cray Research,Cray Inc.,T94/4128,United States,1995,4,5.735,7.2,0,0,Cray,Cray,450.5,Cray Vector,UNICOS,SMP,Vendor,Not Specified,,,North America,Americas,06/1996
247,Ford Motor Company,Cray Inc.,T94/4128,United States,1995,4,5.735,7.2,0,0,Cray,Cray,450.5,Cray Vector,UNICOS,SMP,Industry,Automotive,,,North America,Americas,06/1996
248,Government,Cray Inc.,T94/4128,United States,1995,4,5.735,7.2,0,0,Cray,Cray,450.5,Cray Vector,UNICOS,SMP,Classified,Not Specified,,,North America,Americas,06/1996
249,Government,Cray Inc.,T94/4128,United States,1995,4,5.735,7.2,0,0,Cray,Cray,450.5,Cray Vector,UNICOS,SMP,Classified,Not Specified,,,North America,Americas,06/1996
250,Japan Atomic Energy Research Institute,Cray Inc.,T94/4128,Japan,1996,4,5.735,7.2,0,0,Cray,Cray,450.5,Cray Vector,UNICOS,SMP,Research,Not Specified,,,Eastern Asia,Asia,06/1996
251,Los Alamos National Laboratory,Cray Inc.,T94/4128,United States,1995,4,5.735,7.2,0,0,Cray,Cray,450.5,Cray Vector,UNICOS,SMP,Research,Not Specified,,,North America,Americas,06/1996
252,NASA/Marshall Space Flight Center,Cray Inc.,T916/4256,United States,1996,4,5.735,7.2,0,0,Cray,Cray,450.5,Cray Vector,UNICOS,SMP,Research,Aerospace,,,North America,Americas,06/1996
253,North Carolina Supercomputing Center (NCSC),Cray Inc.,T916/4256,United States,1995,4,5.735,7.2,0,0,Cray,Cray,450.5,Cray Vector,UNICOS,SMP,Academic,Not Specified,,,North America,Americas,06/1996
254,Toyota Motor Company,Cray Inc.,T94/464,Japan,1995,4,5.735,7.2,0,0,Cray,Cray,450.5,Cray Vector,UNICOS,SMP,Industry,Automotive,,,Eastern Asia,Asia,06/1996
255,Epsilon,Thinking Machines Corporation,CM-5/96,United States,1993,96,5.7,12.29,0,0,Sparc,SuperSPARC I,32.0,TMC CM5,CMOST,MPP,Industry,Not Specified,Fat Tree,"Hypercube, tree",North America,Americas,06/1996
256,University of California at Berkeley,Thinking Machines Corporation,CM-5/96,United States,1994,96,5.7,12.29,0,0,Sparc,SuperSPARC I,32.0,TMC CM5,CMOST,MPP,Academic,Not Specified,Fat Tree,"Hypercube, tree",North America,Americas,06/1996
257,University Jaume I,SGI,POWER CHALLENGEarray,Spain,1995,24,5.65,8.64,0,0,MIPS,MIPS R8000,90.0,SGI PowerChallenge,IRIX,Constellations,Academic,Not Specified,,,Southern Europe,Europe,06/1996
258,University of Minnesota/Supercomputing Institute,SGI,POWER CHALLENGEarray,United States,1995,24,5.65,8.64,0,0,MIPS,MIPS R8000,90.0,SGI PowerChallenge,IRIX,Constellations,Academic,Not Specified,,,North America,Americas,06/1996
259,NIST - US Department of Commerce,IBM,SP2/31,United States,1994,31,5.63,8.246,0,0,Power,POWER2,66.5,IBM SP,AIX,MPP,Research,Not Specified,,,North America,Americas,06/1996
260,Fujitsu,Fujitsu,VPP500/4,United States,1995,4,5.6,6.4,7344,1250,Fujitsu,Fujitsu,100.0,Fujitsu VPP,UXP/V,MPP,Vendor,Not Specified,Crossbar,Full distributed crossbar,North America,Americas,06/1996
261,IFP (Institute Francais du Petrole),Fujitsu,VPP500/4,France,1995,4,5.6,6.4,7344,1250,Fujitsu,Fujitsu,100.0,Fujitsu VPP,UXP/V,MPP,Academic,Geophysics,Crossbar,Full distributed crossbar,Western Europe,Europe,06/1996
262,Technische Universitaet Darmstadt,Fujitsu,VPP500/4,Germany,1994,4,5.6,6.4,7344,1250,Fujitsu,Fujitsu,100.0,Fujitsu VPP,UXP/V,MPP,Academic,Not Specified,Crossbar,Full distributed crossbar,Western Europe,Europe,06/1996
263,Toritsu Kagaku Gijutsu University,Fujitsu,VPP500/4,Japan,1993,4,5.6,6.4,7344,1250,Fujitsu,Fujitsu,100.0,Fujitsu VPP,UXP/V,MPP,Academic,Not Specified,Crossbar,Full distributed crossbar,Eastern Asia,Asia,06/1996
264,Toyota Motor Company,Fujitsu,VPP500/4,Japan,1994,4,5.6,6.4,7344,1250,Fujitsu,Fujitsu,100.0,Fujitsu VPP,UXP/V,MPP,Industry,Automotive,Crossbar,Full distributed crossbar,Eastern Asia,Asia,06/1996
265,Universitaet Aachen/RWTH,Fujitsu,VPP500/4,Germany,1993,4,5.6,6.4,7344,1250,Fujitsu,Fujitsu,100.0,Fujitsu VPP,UXP/V,MPP,Academic,Not Specified,Crossbar,Full distributed crossbar,Western Europe,Europe,06/1996
266,Ford Motor Company,Hewlett-Packard,SPP1600/XA-32,United States,1996,32,5.452,7.68,27000,4500,PA-RISC,PA-RISC PA-7200,120.0,HP Superdome,SPP-UX,MPP,Industry,Automotive,Proprietary,Ring,North America,Americas,06/1996
267,CRS4,IBM,SP2/30,Italy,1995,30,5.45,7.98,0,0,Power,POWER2,66.5,IBM SP,AIX,MPP,Research,Not Specified,,,Southern Europe,Europe,06/1996
268,Columbia University,IBM,SP2/30,United States,1995,30,5.45,7.98,0,0,Power,POWER2,66.5,IBM SP,AIX,MPP,Academic,Not Specified,,,North America,Americas,06/1996
269,First Interstate Bank,IBM,SP2/30,United States,1996,30,5.45,7.98,0,0,Power,POWER2,66.5,IBM SP,AIX,MPP,Industry,Finance,,,North America,Americas,06/1996
270,Shell KSEPL,IBM,SP2/30,Netherlands,1995,30,5.45,7.98,0,0,Power,POWER2,66.5,IBM SP,AIX,MPP,Industry,Geophysics,,,Western Europe,Europe,06/1996
271,Shell KSLA,IBM,SP2/30,Netherlands,1995,30,5.45,7.98,0,0,Power,POWER2,66.5,IBM SP,AIX,MPP,Industry,Geophysics,,,Western Europe,Europe,06/1996
272,Shell Oil Corporation,IBM,SP2/30,United States,1994,30,5.45,7.98,0,0,Power,POWER2,66.5,IBM SP,AIX,MPP,Industry,Geophysics,,,North America,Americas,06/1996
273,Shell Oil Corporation,IBM,SP2/30,United States,1994,30,5.45,7.98,0,0,Power,POWER2,66.5,IBM SP,AIX,MPP,Industry,Geophysics,,,North America,Americas,06/1996
274,Universitaet Stuttgart,IBM,SP2/30,Germany,1996,30,5.45,7.98,0,0,Power,POWER2,66.5,IBM SP,AIX,MPP,Academic,Not Specified,,,Western Europe,Europe,06/1996
275,WorldCom,IBM,SP2/30,United States,1995,30,5.45,7.98,0,0,Power,POWER2,66.5,IBM SP,AIX,MPP,Industry,Telecomm,,,North America,Americas,06/1996
276,Japan Institute of Advanced Technology,Parsytec,GC PowerPlus/128,Japan,1994,128,5.246,10.24,22000,7800,Power,PowerPC 601,80.0,Parytec,PARIX,MPP,Research,Not Specified,,,Eastern Asia,Asia,06/1996
277,National Supercomputer Centre (NSC),Parsytec,GC PowerPlus/128,Sweden,1994,128,5.246,10.24,22000,7800,Power,PowerPC 601,80.0,Parytec,PARIX,MPP,Academic,Not Specified,,,Northern Europe,Europe,06/1996
278,Technische Universitaet Chemnitz,Parsytec,GC PowerPlus/128,Germany,1994,128,5.246,10.24,22000,7800,Power,PowerPC 601,80.0,Parytec,PARIX,MPP,Academic,Not Specified,,,Western Europe,Europe,06/1996
279,Universitaet Hamburg-Harburg,Parsytec,GC PowerPlus/128,Germany,1994,128,5.246,10.24,22000,7800,Power,PowerPC 601,80.0,Parytec,PARIX,MPP,Academic,Not Specified,,,Western Europe,Europe,06/1996
280,Florida State University,Thinking Machines Corporation,CM-2/64k,United States,1993,2048,5.2,14.0,26624,11000,TMC CM2,TMC CM2,7.0,TMC CM2,CMOST,SIMD,Academic,Not Specified,,,North America,Americas,06/1996
281,SRC,Thinking Machines Corporation,CM-2/64k,United States,1993,2048,5.2,14.0,26624,11000,TMC CM2,TMC CM2,7.0,TMC CM2,CMOST,SIMD,Industry,Not Specified,,,North America,Americas,06/1996
282,ABSA,IBM,SP2/28,South Africa,1996,28,5.1,7.448,0,0,Power,POWER2,66.5,IBM SP,AIX,MPP,Industry,Database,,,Southern Africa,Africa,06/1996
283,Financial Services (H),IBM,SP2/28,United States,1995,28,5.1,7.448,0,0,Power,POWER2,66.5,IBM SP,AIX,MPP,Industry,Finance,,,North America,Americas,06/1996
284,L.L.Bean,IBM,SP2/28,United States,1994,28,5.1,7.448,0,0,Power,POWER2,66.5,IBM SP,AIX,MPP,Industry,Database,,,North America,Americas,06/1996
285,Loral,IBM,SP2/28,United States,1994,28,5.1,7.448,0,0,Power,POWER2,66.5,IBM SP,AIX,MPP,Industry,Defense,,,North America,Americas,06/1996
286,US West Communications,IBM,SP2/28,United States,1996,28,5.1,7.448,0,0,Power,POWER2,66.5,IBM SP,AIX,MPP,Industry,Telecomm,,,North America,Americas,06/1996
287,University of Southern California,IBM,SP2/28,United States,1996,28,5.1,7.448,0,0,Power,POWER2,66.5,IBM SP,AIX,MPP,Academic,Not Specified,,,North America,Americas,06/1996
288,Government,Cray Inc.,Y-MP J932/28-2048,United States,1996,28,5.075,5.6,0,0,Cray,Cray,100.0,Cray Vector,UNICOS,SMP,Classified,Not Specified,,,North America,Americas,06/1996
289,CERN,Hewlett-Packard,AlphaServer 8400 5/350,Switzerland,1996,10,5.074,7.0,9540,3010,Alpha,Alpha EV5,349.7,HP AlphaServer 8400,Digital Unix,SMP,Research,Not Specified,Crossbar,Crossbar,Western Europe,Europe,06/1996
290,Informix,Hewlett-Packard,AlphaServer 8400 5/350,United States,1996,10,5.074,7.0,9540,3010,Alpha,Alpha EV5,349.7,HP AlphaServer 8400,Digital Unix,SMP,Industry,Database,Crossbar,Crossbar,North America,Americas,06/1996
291,Lawrence Livermore National Laboratory,Meiko,CS-2/224,United States,1994,224,5.0,40.32,18688,6144,Intel IA-32,Intel IA-32 Intel,180.2,Meiko,SunOS,MPP,Research,Not Specified,Crossbar,Multi-stage crossbar,North America,Americas,06/1996
292,Universitaet Wien,Meiko,CS-2/128,Austria,1994,128,5.0,23.04,18688,6144,Intel IA-32,Intel IA-32 Intel,180.2,Meiko,SunOS,MPP,Academic,Not Specified,Crossbar,Multi-stage crossbar,Western Europe,Europe,06/1996
293,Lawrence Livermore National Laboratory,Meiko,CS-2/64,United States,1994,64,5.0,11.52,18688,6144,Intel IA-32,Intel IA-32 Intel,180.2,Meiko,SunOS,MPP,Research,Not Specified,Crossbar,Multi-stage crossbar,North America,Americas,06/1996
294,Government,Thinking Machines Corporation,CM-200/32k,United States,1989,1024,5.0,10.0,21504,8192,TMC CM2,TMC CM2,10.0,TMC CM2,CMOST,SIMD,Classified,Not Specified,,,North America,Americas,06/1996
295,Minnesota Supercomputer Center,Thinking Machines Corporation,CM-200/32k,United States,1993,1024,5.0,10.0,21504,8192,TMC CM2,TMC CM2,10.0,TMC CM2,CMOST,SIMD,Industry,Not Specified,,,North America,Americas,06/1996
296,Western Geophysical,Thinking Machines Corporation,CM-200/32k,United States,1994,1024,5.0,10.0,21504,8192,TMC CM2,TMC CM2,10.0,TMC CM2,CMOST,SIMD,Industry,Geophysics,,,North America,Americas,06/1996
297,Dial Corporation,Hewlett-Packard,AlphaServer 8400 5/300,United States,1996,12,5.0,7.2,9548,1148,Alpha,Alpha EV5,300.3,HP AlphaServer 8400,Digital Unix,SMP,Industry,Construction,Crossbar,Crossbar,North America,Americas,06/1996
298,National Security Agency,Hewlett-Packard,AlphaServer 8400 5/300,United States,1996,12,5.0,7.2,9548,1148,Alpha,Alpha EV5,300.3,HP AlphaServer 8400,Digital Unix,SMP,Classified,Not Specified,Crossbar,Crossbar,North America,Americas,06/1996
299,NEC Systems Laboratories Inc.,NEC,SX-3/22,United States,1991,2,5.0,5.5,3072,384,NEC,NEC,343.8,NEC Vector,Super-UX,SMP,Research,Not Specified,Crossbar,Multi-stage crossbar,North America,Americas,06/1996
300,National Institute for Environmental Studies,NEC,SX-3/14,Japan,1992,1,5.0,5.5,3072,384,NEC,NEC,343.8,NEC Vector,Super-UX,Single Processor,Research,Environment,,,Eastern Asia,Asia,06/1996
301,Hill's Pet Food,IBM,SP2/27,United States,1996,27,4.92,7.182,0,0,Power,POWER2,66.5,IBM SP,AIX,MPP,Industry,Database,,,North America,Americas,06/1996
302,"ISSC, Unisource",IBM,SP2/27,United States,1995,27,4.92,7.182,0,0,Power,POWER2,66.5,IBM SP,AIX,MPP,Industry,Not Specified,,,North America,Americas,06/1996
303,Pacific Northwest National Laboratory,SGI,POWER CHALLENGEarray,United States,1995,24,4.896,7.2,18000,3500,MIPS,MIPS R8000,75.0,SGI PowerChallenge,IRIX,Constellations,Research,Not Specified,HIPPI,HIPPI,North America,Americas,06/1996
304,University of Oregon,SGI,POWER CHALLENGEarray,United States,1995,24,4.896,7.2,18000,3500,MIPS,MIPS R8000,75.0,SGI PowerChallenge,IRIX,Constellations,Academic,Not Specified,HIPPI,HIPPI,North America,Americas,06/1996
305,Tokyo University,Hewlett-Packard,SPP1000/XA-48,Japan,1996,48,4.802,9.6,0,0,PA-RISC,PA-RISC PA-7100,100.0,HP Superdome,SPP-UX,MPP,Academic,Not Specified,Proprietary,Ring,Eastern Asia,Asia,06/1996
306,Universitaet Erlangen,Hewlett-Packard,SPP1000/XA-48,Germany,1994,48,4.802,9.6,0,0,PA-RISC,PA-RISC PA-7100,100.0,HP Superdome,SPP-UX,MPP,Academic,Not Specified,Proprietary,Ring,Western Europe,Europe,06/1996
307,Argonne National Laboratory,IBM,9076-005 SP1,United States,1993,128,4.8,16.0,26000,6000,Power,POWER1,62.5,IBM SP,AIX,MPP,Research,Not Specified,,,North America,Americas,06/1996
308,Pacific Northwest National Laboratory,Kendall Square Research,KSR2-80,United States,1994,80,4.77,6.4,0,0,KSR,KSR,40.0,KSR,KSR OS,MPP,Research,Not Specified,,,North America,Americas,06/1996
309,John Alden Insurance,IBM,SP2/26,United States,1994,26,4.74,6.916,0,0,Power,POWER2,66.5,IBM SP,AIX,MPP,Industry,Database,,,North America,Americas,06/1996
310,Tohoku University,IBM,SP2/26,Japan,1996,26,4.74,6.916,0,0,Power,POWER2,66.5,IBM SP,AIX,MPP,Academic,Not Specified,,,Eastern Asia,Asia,06/1996
311,Florida State University,SGI,POWER CHALLENGEarray,United States,1995,20,4.71,7.2,0,0,MIPS,MIPS R8000,90.0,SGI PowerChallenge,IRIX,Constellations,Academic,Not Specified,,,North America,Americas,06/1996
312,University of Queensland,SGI,POWER CHALLENGEarray,Australia,1995,20,4.71,7.2,0,0,MIPS,MIPS R8000,90.0,SGI PowerChallenge,IRIX,Constellations,Academic,Not Specified,,,Australia and New Zealand,Oceania,06/1996
313,DaimlerChrysler,Cray Inc.,Y-MP C98/6256,United States,1995,6,4.63,5.714,0,0,Cray,Cray,238.1,Cray Vector,UNICOS,SMP,Industry,Automotive,,,North America,Americas,06/1996
314,General Electric - Aircraft Eng,Cray Inc.,Y-MP C98/6256,United States,1995,6,4.63,5.714,0,0,Cray,Cray,238.1,Cray Vector,UNICOS,SMP,Industry,Aerospace,,,North America,Americas,06/1996
315,NIST - US Department of Commerce,Cray Inc.,Y-MP C98/6256,United States,1996,6,4.63,5.714,0,0,Cray,Cray,238.1,Cray Vector,UNICOS,SMP,Research,Not Specified,,,North America,Americas,06/1996
316,Ford Motor Company,SGI,POWER CHALLENGE,United States,1995,18,4.62,6.48,2500,540,MIPS,MIPS R8000,90.0,SGI PowerChallenge,IRIX,SMP,Industry,Automotive,,,North America,Americas,06/1996
317,Government,SGI,POWER CHALLENGE,United States,1996,18,4.62,6.48,2500,540,MIPS,MIPS R8000,90.0,SGI PowerChallenge,IRIX,SMP,Classified,Not Specified,,,North America,Americas,06/1996
318,Government,SGI,POWER CHALLENGE,United States,1996,18,4.62,6.48,2500,540,MIPS,MIPS R8000,90.0,SGI PowerChallenge,IRIX,SMP,Classified,Not Specified,,,North America,Americas,06/1996
319,Government,SGI,POWER CHALLENGE,United States,1995,18,4.62,6.48,2500,540,MIPS,MIPS R8000,90.0,SGI PowerChallenge,IRIX,SMP,Classified,Not Specified,,,North America,Americas,06/1996
320,Government,SGI,POWER CHALLENGE,United States,1996,18,4.62,6.48,2500,540,MIPS,MIPS R8000,90.0,SGI PowerChallenge,IRIX,SMP,Classified,Not Specified,,,North America,Americas,06/1996
321,Government,SGI,POWER CHALLENGE,United States,1996,18,4.62,6.48,2500,540,MIPS,MIPS R8000,90.0,SGI PowerChallenge,IRIX,SMP,Classified,Not Specified,,,North America,Americas,06/1996
322,NASA/ Jet Propulsion Laboratory,SGI,POWER CHALLENGE,United States,1995,18,4.62,6.48,2500,540,MIPS,MIPS R8000,90.0,SGI PowerChallenge,IRIX,SMP,Research,Not Specified,,,North America,Americas,06/1996
323,Pemex Gas,SGI,POWER CHALLENGE,Mexico,1995,18,4.62,6.48,2500,540,MIPS,MIPS R8000,90.0,SGI PowerChallenge,IRIX,SMP,Industry,Geophysics,,,Central America,Americas,06/1996
324,Sandoz,SGI,POWER CHALLENGE,United States,1995,18,4.62,6.48,2500,540,MIPS,MIPS R8000,90.0,SGI PowerChallenge,IRIX,SMP,Industry,Pharmaceutics,,,North America,Americas,06/1996
325,Transquest,SGI,POWER CHALLENGE,United States,1995,18,4.62,6.48,2500,540,MIPS,MIPS R8000,90.0,SGI PowerChallenge,IRIX,SMP,Industry,Not Specified,,,North America,Americas,06/1996
326,Saab Military Aircraft,SGI,POWER CHALLENGE 10000,Sweden,1996,16,4.527,6.24,15000,2200,MIPS,MIPS R10000,195.0,SGI PowerChallenge,IRIX,SMP,Industry,Aerospace,,,Northern Europe,Europe,06/1996
327,University of Auckland,SGI,POWER CHALLENGE 10000,New Zealand,1996,16,4.527,6.24,15000,2200,MIPS,MIPS R10000,195.0,SGI PowerChallenge,IRIX,SMP,Academic,Not Specified,,,Australia and New Zealand,Oceania,06/1996
328,University of Michigan,SGI,POWER CHALLENGE 10000,United States,1996,16,4.527,6.24,15000,2200,MIPS,MIPS R10000,195.0,SGI PowerChallenge,IRIX,SMP,Academic,Not Specified,,,North America,Americas,06/1996
329,Forschungszentrum Juelich (FZJ),Intel,XP/S10,Germany,1994,144,4.45,7.2,0,0,Intel i860,Intel i860 Intel 80860,50.0,intel Paragon,OSF/1,MPP,Research,Not Specified,,2-D mesh (torus),Western Europe,Europe,06/1996
330,Lockheed Advanced Development,Intel,XP/S10,United States,1995,144,4.45,7.2,0,0,Intel i860,Intel i860 Intel 80860,50.0,intel Paragon,OSF/1,MPP,Industry,Aerospace,,2-D mesh (torus),North America,Americas,06/1996
331,Purdue University,Intel,XP/S10,United States,1994,144,4.45,7.2,0,0,Intel i860,Intel i860 Intel 80860,50.0,intel Paragon,OSF/1,MPP,Academic,Not Specified,,2-D mesh (torus),North America,Americas,06/1996
332,Adapco,IBM,SP2/24,United States,1996,24,4.4,6.384,0,0,Power,POWER2,66.5,IBM SP,AIX,MPP,Industry,Mechanics,,,North America,Americas,06/1996
333,Brown University,IBM,SP2/24,United States,1996,24,4.4,6.384,0,0,Power,POWER2,66.5,IBM SP,AIX,MPP,Academic,Not Specified,,,North America,Americas,06/1996
334,CSC (Center for Scientific Computing),IBM,SP2/24,Finland,1995,24,4.4,6.384,0,0,Power,POWER2,66.5,IBM SP,AIX,MPP,Academic,Not Specified,,,Northern Europe,Europe,06/1996
335,Credit Suisse,IBM,SP2/24,Switzerland,1995,24,4.4,6.384,0,0,Power,POWER2,66.5,IBM SP,AIX,MPP,Industry,Finance,,,Western Europe,Europe,06/1996
336,DKFZ,IBM,SP2/24,Germany,1995,24,4.4,6.384,0,0,Power,POWER2,66.5,IBM SP,AIX,MPP,Research,Not Specified,,,Western Europe,Europe,06/1996
337,La Caixa,IBM,SP2/24,Spain,1996,24,4.4,6.384,0,0,Power,POWER2,66.5,IBM SP,AIX,MPP,Industry,Database,,,Southern Europe,Europe,06/1996
338,National Institute for Environmental Studies,IBM,SP2/24,Japan,1994,24,4.4,6.384,0,0,Power,POWER2,66.5,IBM SP,AIX,MPP,Research,Not Specified,,,Eastern Asia,Asia,06/1996
339,University of Pennsylvania,IBM,SP2/24,United States,1996,24,4.4,6.384,0,0,Power,POWER2,66.5,IBM SP,AIX,MPP,Academic,Not Specified,,,North America,Americas,06/1996
340,Automotive Manufacturer (A),Cray Inc.,T94/3128,Japan,1995,3,4.387,5.4,0,0,Cray,Cray,450.5,Cray Vector,UNICOS,SMP,Industry,Automotive,,,Eastern Asia,Asia,06/1996
341,DaimlerChrysler,Cray Inc.,T94/3128,United States,1995,3,4.387,5.4,0,0,Cray,Cray,450.5,Cray Vector,UNICOS,SMP,Industry,Automotive,,,North America,Americas,06/1996
342,debis Systemhaus,Cray Inc.,T94/3128,Germany,1995,3,4.387,5.4,0,0,Cray,Cray,450.5,Cray Vector,UNICOS,SMP,Industry,Automotive,,,Western Europe,Europe,06/1996
343,Hiroshima University - IPC,Cray Inc.,Y-MP J932/24-8192,Japan,1995,24,4.35,4.8,0,0,Cray,Cray,100.0,Cray Vector,UNICOS,SMP,Academic,Not Specified,,,Eastern Asia,Asia,06/1996
344,Los Alamos National Laboratory,Cray Inc.,Y-MP J932/24-8192,United States,1996,24,4.35,4.8,0,0,Cray,Cray,100.0,Cray Vector,UNICOS,SMP,Research,Not Specified,,,North America,Americas,06/1996
345,Hong Kong University of Science and Technology,Intel,XP/S10,Hong Kong,1994,140,4.33,7.0,0,0,Intel i860,Intel i860 Intel 80860,50.0,intel Paragon,OSF/1,MPP,Academic,Not Specified,,2-D mesh (torus),Eastern Asia,Asia,06/1996
346,Intel SSD Development Centers,Intel,XP/S10,United States,1992,140,4.33,7.0,0,0,Intel i860,Intel i860 Intel 80860,50.0,intel Paragon,OSF/1,MPP,Vendor,Not Specified,,2-D mesh (torus),North America,Americas,06/1996
347,National Security Agency,Intel,XP/S10,United States,1994,140,4.33,7.0,0,0,Intel i860,Intel i860 Intel 80860,50.0,intel Paragon,OSF/1,MPP,Classified,Not Specified,,2-D mesh (torus),North America,Americas,06/1996
348,AMOCO,SGI,POWER CHALLENGE,United States,1995,16,4.323,5.76,2500,540,MIPS,MIPS R8000,90.0,SGI PowerChallenge,IRIX,SMP,Industry,Geophysics,,,North America,Americas,06/1996
349,Daewoo Motors,SGI,POWER CHALLENGE,"Korea, South",1995,16,4.323,5.76,2500,540,MIPS,MIPS R8000,90.0,SGI PowerChallenge,IRIX,SMP,Industry,Automotive,,,Eastern Asia,Asia,06/1996
350,Decision Science Appl.,SGI,POWER CHALLENGE,United States,1995,16,4.323,5.76,2500,540,MIPS,MIPS R8000,90.0,SGI PowerChallenge,IRIX,SMP,Industry,Geophysics,,,North America,Americas,06/1996
351,Ford,SGI,POWER CHALLENGE,Australia,1996,16,4.323,5.76,2500,540,MIPS,MIPS R8000,90.0,SGI PowerChallenge,IRIX,SMP,Industry,Automotive,,,Australia and New Zealand,Oceania,06/1996
352,George Washington University,SGI,POWER CHALLENGE,United States,1995,16,4.323,5.76,2500,540,MIPS,MIPS R8000,90.0,SGI PowerChallenge,IRIX,SMP,Academic,Not Specified,,,North America,Americas,06/1996
353,George Washington University,SGI,POWER CHALLENGE,United States,1995,16,4.323,5.76,2500,540,MIPS,MIPS R8000,90.0,SGI PowerChallenge,IRIX,SMP,Academic,Not Specified,,,North America,Americas,06/1996
354,Government,SGI,POWER CHALLENGE,United States,1995,16,4.323,5.76,2500,540,MIPS,MIPS R8000,90.0,SGI PowerChallenge,IRIX,SMP,Classified,Not Specified,,,North America,Americas,06/1996
355,Government,SGI,POWER CHALLENGE,United States,1995,16,4.323,5.76,2500,540,MIPS,MIPS R8000,90.0,SGI PowerChallenge,IRIX,SMP,Classified,Not Specified,,,North America,Americas,06/1996
356,Government,SGI,POWER CHALLENGE,United States,1995,16,4.323,5.76,2500,540,MIPS,MIPS R8000,90.0,SGI PowerChallenge,IRIX,SMP,Classified,Not Specified,,,North America,Americas,06/1996
357,Hong Kong University of Science and Technology,SGI,POWER CHALLENGE,Hong Kong,1995,16,4.323,5.76,2500,540,MIPS,MIPS R8000,90.0,SGI PowerChallenge,IRIX,SMP,Academic,Not Specified,,,Eastern Asia,Asia,06/1996
358,Marathon Oil Company,SGI,POWER CHALLENGE,United States,1995,16,4.323,5.76,2500,540,MIPS,MIPS R8000,90.0,SGI PowerChallenge,IRIX,SMP,Industry,Geophysics,,,North America,Americas,06/1996
359,Mississippi State University,SGI,POWER CHALLENGE,United States,1996,16,4.323,5.76,2500,540,MIPS,MIPS R8000,90.0,SGI PowerChallenge,IRIX,SMP,Academic,Not Specified,,,North America,Americas,06/1996
360,Ohio Supercomputer Center,SGI,POWER CHALLENGE,United States,1995,16,4.323,5.76,2500,540,MIPS,MIPS R8000,90.0,SGI PowerChallenge,IRIX,SMP,Academic,Not Specified,,,North America,Americas,06/1996
361,Saab Military Aircraft,SGI,POWER CHALLENGE,Sweden,1996,16,4.323,5.76,2500,540,MIPS,MIPS R8000,90.0,SGI PowerChallenge,IRIX,SMP,Industry,Aerospace,,,Northern Europe,Europe,06/1996
362,Sikorsky,SGI,POWER CHALLENGE,United States,1995,16,4.323,5.76,2500,540,MIPS,MIPS R8000,90.0,SGI PowerChallenge,IRIX,SMP,Industry,Aerospace,,,North America,Americas,06/1996
363,Universitaet Magdeburg,SGI,POWER CHALLENGE,Germany,1996,16,4.323,5.76,2500,540,MIPS,MIPS R8000,90.0,SGI PowerChallenge,IRIX,SMP,Academic,Not Specified,,,Western Europe,Europe,06/1996
364,University of Iowa,SGI,POWER CHALLENGE,United States,1995,16,4.323,5.76,2500,540,MIPS,MIPS R8000,90.0,SGI PowerChallenge,IRIX,SMP,Academic,Not Specified,,,North America,Americas,06/1996
365,Vastar,SGI,POWER CHALLENGE,United States,1995,16,4.323,5.76,2500,540,MIPS,MIPS R8000,90.0,SGI PowerChallenge,IRIX,SMP,Industry,Geophysics,,,North America,Americas,06/1996
366,Westinghouse Electric,SGI,POWER CHALLENGE,United States,1995,16,4.323,5.76,2500,540,MIPS,MIPS R8000,90.0,SGI PowerChallenge,IRIX,SMP,Industry,Energy,,,North America,Americas,06/1996
367,Bull,NEC,SX-4/2C,France,1996,2,4.3,4.0,0,0,NEC,NEC,250.0,NEC Vector,EWS-UX/V,SMP,Industry,Not Specified,Crossbar,Multi-stage crossbar,Western Europe,Europe,06/1996
368,Houston Area Research Center,NEC,SX-4/2C,United States,1996,2,4.3,4.0,0,0,NEC,NEC,250.0,NEC Vector,EWS-UX/V,SMP,Research,Not Specified,Crossbar,Multi-stage crossbar,North America,Americas,06/1996
369,Japan Atomic Energy Research Institute,NEC,SX-4/2C,Japan,1996,2,4.3,4.0,0,0,NEC,NEC,250.0,NEC Vector,EWS-UX/V,SMP,Research,Not Specified,Crossbar,Multi-stage crossbar,Eastern Asia,Asia,06/1996
370,Japan Atomic Energy Research Institute,NEC,SX-4/2C,Japan,1996,2,4.3,4.0,0,0,NEC,NEC,250.0,NEC Vector,EWS-UX/V,SMP,Research,Not Specified,Crossbar,Multi-stage crossbar,Eastern Asia,Asia,06/1996
371,Japan Atomic Energy Research Institute,NEC,SX-4/2C,Japan,1996,2,4.3,4.0,0,0,NEC,NEC,250.0,NEC Vector,EWS-UX/V,SMP,Research,Not Specified,Crossbar,Multi-stage crossbar,Eastern Asia,Asia,06/1996
372,Kajima Corporation,NEC,SX-4/2C,Japan,1996,2,4.3,4.0,0,0,NEC,NEC,250.0,NEC Vector,EWS-UX/V,SMP,Industry,Construction,Crossbar,Multi-stage crossbar,Eastern Asia,Asia,06/1996
373,Mitsubishi Heavy Industries,NEC,SX-4/2C,Japan,1996,2,4.3,4.0,0,0,NEC,NEC,250.0,NEC Vector,EWS-UX/V,SMP,Research,Not Specified,Crossbar,Multi-stage crossbar,Eastern Asia,Asia,06/1996
374,Nissan Motor,NEC,SX-4/2C,Japan,1996,2,4.3,4.0,0,0,NEC,NEC,250.0,NEC Vector,EWS-UX/V,SMP,Industry,Automotive,Crossbar,Multi-stage crossbar,Eastern Asia,Asia,06/1996
375,Osaka University - Institute Laser Eng,NEC,SX-4/2C,Japan,1996,2,4.3,4.0,0,0,NEC,NEC,250.0,NEC Vector,EWS-UX/V,SMP,Academic,Not Specified,Crossbar,Multi-stage crossbar,Eastern Asia,Asia,06/1996
376,Sumitomo Rubber Industries,NEC,SX-4/2C,Japan,1996,2,4.3,4.0,0,0,NEC,NEC,250.0,NEC Vector,EWS-UX/V,SMP,Industry,Chemistry,Crossbar,Multi-stage crossbar,Eastern Asia,Asia,06/1996
377,Yamaguchi University,NEC,SX-4/2C,Japan,1996,2,4.3,4.0,0,0,NEC,NEC,250.0,NEC Vector,EWS-UX/V,SMP,Academic,Not Specified,Crossbar,Multi-stage crossbar,Eastern Asia,Asia,06/1996
378,University of Southampton,IBM,SP2/23,United Kingdom,1996,23,4.225,6.118,0,0,Power,POWER2,66.5,IBM SP,AIX,MPP,Academic,Not Specified,,,Northern Europe,Europe,06/1996
379,Telecom Denmark (Danadata),IBM,SP2 77 MHz wide,Denmark,1996,18,4.15,5.54,0,0,Power,POWER2,77.0,IBM SP,AIX,MPP,Industry,Telecomm,,,Northern Europe,Europe,06/1996
380,BASF,SGI,POWER CHALLENGE,Germany,1994,18,4.142,5.4,2604,570,MIPS,MIPS R8000,75.0,SGI PowerChallenge,IRIX,SMP,Industry,Chemistry,,,Western Europe,Europe,06/1996
381,BMW AG,SGI,POWER CHALLENGE,Germany,1994,18,4.142,5.4,2604,570,MIPS,MIPS R8000,75.0,SGI PowerChallenge,IRIX,SMP,Industry,Automotive,,,Western Europe,Europe,06/1996
382,General Motors,SGI,POWER CHALLENGE,United States,1995,18,4.142,5.4,2604,570,MIPS,MIPS R8000,75.0,SGI PowerChallenge,IRIX,SMP,Industry,Automotive,,,North America,Americas,06/1996
383,Government,SGI,POWER CHALLENGE,United States,1995,18,4.142,5.4,2604,570,MIPS,MIPS R8000,75.0,SGI PowerChallenge,IRIX,SMP,Classified,Not Specified,,,North America,Americas,06/1996
384,Naval Research Laboratory (NRL),SGI,POWER CHALLENGE,United States,1995,18,4.142,5.4,2604,570,MIPS,MIPS R8000,75.0,SGI PowerChallenge,IRIX,SMP,Research,Not Specified,,,North America,Americas,06/1996
385,Universidad Autonoma Metropolitana,SGI,POWER CHALLENGE,Mexico,1994,18,4.142,5.4,2604,570,MIPS,MIPS R8000,75.0,SGI PowerChallenge,IRIX,SMP,Academic,Not Specified,,,Central America,Americas,06/1996
386,Vertex Pharmaceuticals,SGI,POWER CHALLENGE,United States,1995,18,4.142,5.4,2604,570,MIPS,MIPS R8000,75.0,SGI PowerChallenge,IRIX,SMP,Industry,Pharmaceutics,,,North America,Americas,06/1996
387,Colgate-Palmolive,IBM,SP2/22,United States,1996,22,4.05,5.852,0,0,Power,POWER2,66.5,IBM SP,AIX,MPP,Industry,Not Specified,,,North America,Americas,06/1996
388,Dassault Aviation,IBM,SP2/22,France,1995,22,4.05,5.852,0,0,Power,POWER2,66.5,IBM SP,AIX,MPP,Industry,Aerospace,,,Western Europe,Europe,06/1996
389,Petro Canada,IBM,SP2/22,Canada,1995,22,4.05,5.852,0,0,Power,POWER2,66.5,IBM SP,AIX,MPP,Industry,Geophysics,,,North America,Americas,06/1996
390,Queensland Parallel Supercomputing Facility,IBM,SP2/22,Australia,1994,22,4.05,5.852,0,0,Power,POWER2,66.5,IBM SP,AIX,MPP,Academic,Not Specified,,,Australia and New Zealand,Oceania,06/1996
391,Turbomeca Pau,IBM,SP2/22,France,1996,22,4.05,5.852,0,0,Power,POWER2,66.5,IBM SP,AIX,MPP,Industry,Aerospace,,,Western Europe,Europe,06/1996
392,Fuji Heavy,Fujitsu,VP2600/10,Japan,1990,1,4.0,5.0,0,0,Fujitsu,Fujitsu,312.5,Fujitsu VP,Unix,Single Processor,Industry,Heavy Industry,,,Eastern Asia,Asia,06/1996
393,Japan Atomic Energy Research Institute,Fujitsu,VP2600/10,Japan,1991,1,4.0,5.0,0,0,Fujitsu,Fujitsu,312.5,Fujitsu VP,Unix,Single Processor,Research,Not Specified,,,Eastern Asia,Asia,06/1996
394,Japan Atomic Energy Research Institute,Fujitsu,VP2600/10,Japan,1991,1,4.0,5.0,0,0,Fujitsu,Fujitsu,312.5,Fujitsu VP,Unix,Single Processor,Research,Not Specified,,,Eastern Asia,Asia,06/1996
395,Kyoto University,Fujitsu,VP2600/10E,Japan,1995,1,4.0,5.0,0,0,Fujitsu,Fujitsu,312.5,Fujitsu VP,Unix,Single Processor,Academic,Not Specified,,,Eastern Asia,Asia,06/1996
396,Kyushu University,Fujitsu,VP2600/10,Japan,1992,1,4.0,5.0,0,0,Fujitsu,Fujitsu,312.5,Fujitsu VP,Unix,Single Processor,Academic,Not Specified,,,Eastern Asia,Asia,06/1996
397,Nagoya University,Fujitsu,VP2600/10,Japan,1991,1,4.0,5.0,0,0,Fujitsu,Fujitsu,312.5,Fujitsu VP,Unix,Single Processor,Academic,Not Specified,,,Eastern Asia,Asia,06/1996
398,National Aerospace Laboratory of Japan,Fujitsu,VP2600/10,Japan,1992,1,4.0,5.0,0,0,Fujitsu,Fujitsu,312.5,Fujitsu VP,Unix,Single Processor,Research,Not Specified,,,Eastern Asia,Asia,06/1996
399,Reactor & Nuclear Fuel Development,Fujitsu,VP2600/10,Japan,1991,1,4.0,5.0,0,0,Fujitsu,Fujitsu,312.5,Fujitsu VP,Unix,Single Processor,Research,Not Specified,,,Eastern Asia,Asia,06/1996
400,Reactor & Nuclear Fuel Development,Fujitsu,VP2600/10,Japan,1991,1,4.0,5.0,0,0,Fujitsu,Fujitsu,312.5,Fujitsu VP,Unix,Single Processor,Research,Not Specified,,,Eastern Asia,Asia,06/1996
401,Taisei Construction,Fujitsu,VP2600/10,Japan,1992,1,4.0,5.0,0,0,Fujitsu,Fujitsu,312.5,Fujitsu VP,Unix,Single Processor,Industry,Construction,,,Eastern Asia,Asia,06/1996
402,Universitaet Aachen/RWTH,Fujitsu,S600/20,Germany,1991,1,4.0,5.0,0,0,Fujitsu,Fujitsu,312.5,Fujitsu VP,Unix,Single Processor,Academic,Not Specified,,,Western Europe,Europe,06/1996
403,Universitaet Karlsruhe,Fujitsu,S600/20,Germany,1990,1,4.0,5.0,0,0,Fujitsu,Fujitsu,312.5,Fujitsu VP,Unix,Single Processor,Academic,Not Specified,,,Western Europe,Europe,06/1996
404,Lawrence Livermore National Laboratory,Cray Inc.,Y-MP J932/22-4096,United States,1996,22,4.0,4.4,0,0,Cray,Cray,100.0,Cray Vector,UNICOS,SMP,Research,Not Specified,,,North America,Americas,06/1996
405,CILEA,Hewlett-Packard,SPP1200/XA-32,Italy,1995,32,3.962,7.68,27700,4500,PA-RISC,PA-RISC PA-7200,120.0,HP Superdome,SPP-UX,MPP,Research,Not Specified,Proprietary,Ring,Southern Europe,Europe,06/1996
406,Cyfronet,Hewlett-Packard,SPP1200/XA-32,Poland,1996,32,3.962,7.68,27700,4500,PA-RISC,PA-RISC PA-7200,120.0,HP Superdome,SPP-UX,MPP,Academic,Not Specified,Proprietary,Ring,Eastern Europe,Europe,06/1996
407,Government,Hewlett-Packard,SPP1200/XA-32,United States,1995,32,3.962,7.68,27700,4500,PA-RISC,PA-RISC PA-7200,120.0,HP Superdome,SPP-UX,MPP,Classified,Not Specified,Proprietary,Ring,North America,Americas,06/1996
408,Kansas State University,Hewlett-Packard,SPP1200/XA-32,United States,1996,32,3.962,7.68,27700,4500,PA-RISC,PA-RISC PA-7200,120.0,HP Superdome,SPP-UX,MPP,Academic,Not Specified,Proprietary,Ring,North America,Americas,06/1996
409,University of Kentucky,Hewlett-Packard,SPP1200/XA-32,United States,1995,32,3.962,7.68,27700,4500,PA-RISC,PA-RISC PA-7200,120.0,HP Superdome,SPP-UX,MPP,Academic,Not Specified,Proprietary,Ring,North America,Americas,06/1996
410,Cornell Theory Center,SGI,POWER CHALLENGEarray,United States,1995,16,3.924,5.76,15000,2200,MIPS,MIPS R8000,90.0,SGI PowerChallenge,IRIX,Constellations,Academic,Not Specified,,,North America,Americas,06/1996
411,University of Minnesota/Supercomputing Institute,SGI,POWER CHALLENGEarray,United States,1995,16,3.924,5.76,15000,2200,MIPS,MIPS R8000,90.0,SGI PowerChallenge,IRIX,Constellations,Academic,Not Specified,,,North America,Americas,06/1996
412,University of Utah,SGI,POWER CHALLENGEarray,United States,1996,16,3.924,5.76,15000,2200,MIPS,MIPS R8000,90.0,SGI PowerChallenge,IRIX,Constellations,Academic,Not Specified,,,North America,Americas,06/1996
413,AltaVista,Hewlett-Packard,AlphaServer 8400 5/300,United States,1996,10,3.9,6.0,9540,812,Alpha,Alpha EV5,300.3,HP AlphaServer 8400,Digital Unix,SMP,Industry,WWW,Crossbar,Crossbar,North America,Americas,06/1996
414,AltaVista,Hewlett-Packard,AlphaServer 8400 5/300,United States,1996,10,3.9,6.0,9540,812,Alpha,Alpha EV5,300.3,HP AlphaServer 8400,Digital Unix,SMP,Industry,WWW,Crossbar,Crossbar,North America,Americas,06/1996
415,Defense Research Establishment,Hewlett-Packard,AlphaServer 8400 5/300,Canada,1996,10,3.9,6.0,9540,812,Alpha,Alpha EV5,300.3,HP AlphaServer 8400,Digital Unix,SMP,Research,Not Specified,Crossbar,Crossbar,North America,Americas,06/1996
416,Genentech,Hewlett-Packard,AlphaServer 8400 5/300,United States,1996,10,3.9,6.0,9540,812,Alpha,Alpha EV5,300.3,HP AlphaServer 8400,Digital Unix,SMP,Industry,Pharmaceutics,Crossbar,Crossbar,North America,Americas,06/1996
417,Holiday Inns International,Hewlett-Packard,AlphaServer 8400 5/300,United States,1996,10,3.9,6.0,9540,812,Alpha,Alpha EV5,300.3,HP AlphaServer 8400,Digital Unix,SMP,Industry,Database,Crossbar,Crossbar,North America,Americas,06/1996
418,Burlington Northern,IBM,SP2/21,United States,1995,21,3.875,5.586,0,0,Power,POWER2,66.5,IBM SP,AIX,MPP,Industry,Not Specified,,,North America,Americas,06/1996
419,First Data Resources,IBM,SP2/21,United States,1996,21,3.875,5.586,0,0,Power,POWER2,66.5,IBM SP,AIX,MPP,Industry,Not Specified,,,North America,Americas,06/1996
420,Engineering Lab.,NEC,SX-4B/2,Japan,1996,2,3.87,3.6,0,0,NEC,NEC,225.0,NEC Vector,EWS-UX/V,SMP,Classified,Not Specified,Crossbar,Multi-stage crossbar,Eastern Asia,Asia,06/1996
421,Technical Engineering Molecular,NEC,SX-4B/2,Japan,1996,2,3.87,3.6,0,0,NEC,NEC,225.0,NEC Vector,EWS-UX/V,SMP,Industry,Chemistry,Crossbar,Multi-stage crossbar,Eastern Asia,Asia,06/1996
422,Technische Universitaet Magdeburg,Parsytec,GC PowerPlus/96,Germany,1995,96,3.865,7.68,19000,6500,Power,PowerPC 601,80.0,Parytec,PARIX,MPP,Academic,Not Specified,,,Western Europe,Europe,06/1996
423,AMOCO,Thinking Machines Corporation,CM-5/64,United States,1993,64,3.8,8.192,13056,6016,Sparc,SuperSPARC I,32.0,TMC CM5,CMOST,MPP,Industry,Geophysics,Fat Tree,"Hypercube, tree",North America,Americas,06/1996
424,ATR,Thinking Machines Corporation,CM-5/64,Japan,1993,64,3.8,8.192,13056,6016,Sparc,SuperSPARC I,32.0,TMC CM5,CMOST,MPP,Research,Not Specified,Fat Tree,"Hypercube, tree",Eastern Asia,Asia,06/1996
425,Japan Adv. Inst. of Science and Technology (JAIST),Thinking Machines Corporation,CM-5/64,Japan,1993,64,3.8,8.192,13056,6016,Sparc,SuperSPARC I,32.0,TMC CM5,CMOST,MPP,Academic,Not Specified,Fat Tree,"Hypercube, tree",Eastern Asia,Asia,06/1996
426,Oregon State University,Thinking Machines Corporation,CM-5/64,United States,1994,64,3.8,8.192,13056,6016,Sparc,SuperSPARC I,32.0,TMC CM5,CMOST,MPP,Academic,Not Specified,Fat Tree,"Hypercube, tree",North America,Americas,06/1996
427,Real World Computing (RWCP),Thinking Machines Corporation,CM-5/64,Japan,1992,64,3.8,8.192,13056,6016,Sparc,SuperSPARC I,32.0,TMC CM5,CMOST,MPP,Research,Not Specified,Fat Tree,"Hypercube, tree",Eastern Asia,Asia,06/1996
428,University of Wisconsin,Thinking Machines Corporation,CM-5/64,United States,1993,64,3.8,8.192,13056,6016,Sparc,SuperSPARC I,32.0,TMC CM5,CMOST,MPP,Academic,Not Specified,Fat Tree,"Hypercube, tree",North America,Americas,06/1996
429,Audi AG,SGI,POWER CHALLENGE,Germany,1995,14,3.767,5.04,2000,470,MIPS,MIPS R8000,90.0,SGI PowerChallenge,IRIX,SMP,Industry,Automotive,,,Western Europe,Europe,06/1996
430,Australian National University,SGI,POWER CHALLENGE,Australia,1996,14,3.767,5.04,2000,470,MIPS,MIPS R8000,90.0,SGI PowerChallenge,IRIX,SMP,Academic,Not Specified,,,Australia and New Zealand,Oceania,06/1996
431,BMW AG,SGI,POWER CHALLENGE,Germany,1995,14,3.767,5.04,2000,470,MIPS,MIPS R8000,90.0,SGI PowerChallenge,IRIX,SMP,Industry,Automotive,,,Western Europe,Europe,06/1996
432,New South Wales Center for Par. Comp.,SGI,POWER CHALLENGE,Australia,1995,14,3.767,5.04,2000,470,MIPS,MIPS R8000,90.0,SGI PowerChallenge,IRIX,SMP,Academic,Not Specified,,,Australia and New Zealand,Oceania,06/1996
433,Pacific Northwest National Laboratory,SGI,POWER CHALLENGE,United States,1995,14,3.767,5.04,2000,470,MIPS,MIPS R8000,90.0,SGI PowerChallenge,IRIX,SMP,Research,Not Specified,,,North America,Americas,06/1996
434,South Australian Center for Par. Comp.,SGI,POWER CHALLENGE,Australia,1996,14,3.767,5.04,2000,470,MIPS,MIPS R8000,90.0,SGI PowerChallenge,IRIX,SMP,Academic,Not Specified,,,Australia and New Zealand,Oceania,06/1996
435,University of Uppsala,Hewlett-Packard,AlphaServer Cluster 300,Sweden,1996,12,3.75,7.2,0,0,Alpha,Alpha EV5,300.3,HP AlphaServer 8400,Digital Unix,Constellations,Academic,Not Specified,Fast Ethernet,Fast Ethernet,Northern Europe,Europe,06/1996
436,Academia Sinica,IBM,SP2/20,Taiwan,1995,20,3.7,5.32,0,0,Power,POWER2,66.5,IBM SP,AIX,MPP,Research,Not Specified,,,Eastern Asia,Asia,06/1996
437,Deluxe Check,IBM,SP2/20,United States,1995,20,3.7,5.32,0,0,Power,POWER2,66.5,IBM SP,AIX,MPP,Industry,Finance,,,North America,Americas,06/1996
438,Gold Star LG,IBM,SP2/20,"Korea, South",1995,20,3.7,5.32,0,0,Power,POWER2,66.5,IBM SP,AIX,MPP,Industry,Not Specified,,,Eastern Asia,Asia,06/1996
439,Revlon,IBM,SP2/20,United States,1995,20,3.7,5.32,0,0,Power,POWER2,66.5,IBM SP,AIX,MPP,Industry,Not Specified,,,North America,Americas,06/1996
440,Hoechst AG,IBM,SP2 77 MHz wide,Germany,1996,16,3.7,4.93,13500,2200,Power,POWER2,77.0,IBM SP,AIX,MPP,Industry,Chemistry,,,Western Europe,Europe,06/1996
441,Universitaet Karlsruhe,IBM,SP2 77 MHz wide,Germany,1996,16,3.7,4.93,13500,2200,Power,POWER2,77.0,IBM SP,AIX,MPP,Academic,Not Specified,,,Western Europe,Europe,06/1996
442,Advanced Geophysical,SGI,POWER CHALLENGE,United States,1995,16,3.7,4.8,2500,540,MIPS,MIPS R8000,75.0,SGI PowerChallenge,IRIX,SMP,Industry,Geophysics,,,North America,Americas,06/1996
443,Armstrong Labs,SGI,POWER CHALLENGE,United States,1994,16,3.7,4.8,2500,540,MIPS,MIPS R8000,75.0,SGI PowerChallenge,IRIX,SMP,Classified,Not Specified,,,North America,Americas,06/1996
444,Cornell Theory Center,SGI,POWER CHALLENGE,United States,1995,16,3.7,4.8,2500,540,MIPS,MIPS R8000,75.0,SGI PowerChallenge,IRIX,SMP,Academic,Not Specified,,,North America,Americas,06/1996
445,EMBL,SGI,POWER CHALLENGE,Germany,1994,16,3.7,4.8,2500,540,MIPS,MIPS R8000,75.0,SGI PowerChallenge,IRIX,SMP,Research,Not Specified,,,Western Europe,Europe,06/1996
446,Ford Motor Company,SGI,POWER CHALLENGE,United States,1996,16,3.7,4.8,2500,540,MIPS,MIPS R8000,75.0,SGI PowerChallenge,IRIX,SMP,Industry,Automotive,,,North America,Americas,06/1996
447,Government,SGI,POWER CHALLENGE,United States,1994,16,3.7,4.8,2500,540,MIPS,MIPS R8000,75.0,SGI PowerChallenge,IRIX,SMP,Classified,Not Specified,,,North America,Americas,06/1996
448,NCAR (National Center for Atmospheric Research),SGI,POWER CHALLENGE,United States,1995,16,3.7,4.8,2500,540,MIPS,MIPS R8000,75.0,SGI PowerChallenge,IRIX,SMP,Research,Weather and Climate Research,,,North America,Americas,06/1996
449,Pratt and Whitney,SGI,POWER CHALLENGE,Canada,1995,16,3.7,4.8,2500,540,MIPS,MIPS R8000,75.0,SGI PowerChallenge,IRIX,SMP,Industry,Aerospace,,,North America,Americas,06/1996
450,Reynolds Metals,SGI,POWER CHALLENGE,United States,1995,16,3.7,4.8,2500,540,MIPS,MIPS R8000,75.0,SGI PowerChallenge,IRIX,SMP,Industry,Not Specified,,,North America,Americas,06/1996
451,Stanford University,SGI,POWER CHALLENGE,United States,1995,16,3.7,4.8,2500,540,MIPS,MIPS R8000,75.0,SGI PowerChallenge,IRIX,SMP,Academic,Not Specified,,,North America,Americas,06/1996
452,Texas A&M University,SGI,POWER CHALLENGE,United States,1994,16,3.7,4.8,2500,540,MIPS,MIPS R8000,75.0,SGI PowerChallenge,IRIX,SMP,Academic,Not Specified,,,North America,Americas,06/1996
453,The Aeronautical Res. Inst. of Sweden,SGI,POWER CHALLENGE,Sweden,1995,16,3.7,4.8,2500,540,MIPS,MIPS R8000,75.0,SGI PowerChallenge,IRIX,SMP,Research,CFD,,,Northern Europe,Europe,06/1996
454,UNI-C/Aarhus,SGI,POWER CHALLENGE,Denmark,1995,16,3.7,4.8,2500,540,MIPS,MIPS R8000,75.0,SGI PowerChallenge,IRIX,SMP,Academic,Not Specified,,,Northern Europe,Europe,06/1996
455,US Air Force,SGI,POWER CHALLENGE,United States,1995,16,3.7,4.8,2500,540,MIPS,MIPS R8000,75.0,SGI PowerChallenge,IRIX,SMP,Classified,Not Specified,,,North America,Americas,06/1996
456,Universitaet Koeln,SGI,POWER CHALLENGE,Germany,1995,16,3.7,4.8,2500,540,MIPS,MIPS R8000,75.0,SGI PowerChallenge,IRIX,SMP,Academic,Not Specified,,,Western Europe,Europe,06/1996
457,University of Southern California,SGI,POWER CHALLENGE,United States,1994,16,3.7,4.8,2500,540,MIPS,MIPS R8000,75.0,SGI PowerChallenge,IRIX,SMP,Academic,Not Specified,,,North America,Americas,06/1996
458,Western Geophysical,SGI,POWER CHALLENGE,United States,1995,16,3.7,4.8,2500,540,MIPS,MIPS R8000,75.0,SGI PowerChallenge,IRIX,SMP,Industry,Geophysics,,,North America,Americas,06/1996
459,Western Geophysical,SGI,POWER CHALLENGE,United States,1995,16,3.7,4.8,2500,540,MIPS,MIPS R8000,75.0,SGI PowerChallenge,IRIX,SMP,Industry,Geophysics,,,North America,Americas,06/1996
460,Western Geophysical,SGI,POWER CHALLENGE,United States,1995,16,3.7,4.8,2500,540,MIPS,MIPS R8000,75.0,SGI PowerChallenge,IRIX,SMP,Industry,Geophysics,,,North America,Americas,06/1996
461,Chiba University,Hitachi,S-3800/160,Japan,1996,1,3.7,4.0,0,0,Hitachi,Hitachi,500.0,Hitachi Vector,VOS3/HAP/ES (IBM MVS compatible) and OSF/1,Single Processor,Academic,Not Specified,,,Eastern Asia,Asia,06/1996
462,NCAR (National Center for Atmospheric Research),Cray Inc.,Y-MP J932/20-4096,United States,1995,20,3.625,4.0,0,0,Cray,Cray,100.0,Cray Vector,UNICOS,SMP,Research,Weather and Climate Research,,,North America,Americas,06/1996
463,Universitaet Kiel,Cray Inc.,Y-MP J932/20-4096,Germany,1996,20,3.625,4.0,0,0,Cray,Cray,100.0,Cray Vector,UNICOS,SMP,Academic,Not Specified,,,Western Europe,Europe,06/1996
464,Technische Universitaet Darmstadt,Fujitsu,S400/40,Germany,1991,2,3.624,5.0,10239,0,Fujitsu,Fujitsu,312.5,Fujitsu VP,Unix,Single Processor,Academic,Not Specified,,,Western Europe,Europe,06/1996
465,Universitaet Hannover / RRZN,Fujitsu,S400/40,Germany,1991,2,3.624,5.0,10239,0,Fujitsu,Fujitsu,312.5,Fujitsu VP,Unix,Single Processor,Academic,Not Specified,,,Western Europe,Europe,06/1996
466,C4 / Centre Europeo del Parallelismo de Barcelona,SGI,POWER CHALLENGE 10000,Spain,1996,12,3.496,4.68,15000,1650,MIPS,MIPS R10000,195.0,SGI PowerChallenge,IRIX,SMP,Academic,Not Specified,,,Southern Europe,Europe,06/1996
467,Statoil,SGI,POWER CHALLENGE 10000,Norway,1996,12,3.496,4.68,15000,1650,MIPS,MIPS R10000,195.0,SGI PowerChallenge,IRIX,SMP,Industry,Geophysics,,,Northern Europe,Europe,06/1996
468,Tel Aviv University,SGI,POWER CHALLENGE 10000,Israel,1996,12,3.496,4.68,15000,1650,MIPS,MIPS R10000,195.0,SGI PowerChallenge,IRIX,SMP,Academic,Not Specified,,,Western Asia,Asia,06/1996
469,Westinghouse Electric,SGI,POWER CHALLENGE 10000,United States,1996,12,3.496,4.68,15000,1650,MIPS,MIPS R10000,195.0,SGI PowerChallenge,IRIX,SMP,Industry,Energy,,,North America,Americas,06/1996
470,National Security Agency,Intel,XP/S8,United States,1994,110,3.43,5.5,0,0,Intel i860,Intel i860 Intel 80860,50.0,intel Paragon,OSF/1,MPP,Classified,Not Specified,,2-D mesh (torus),North America,Americas,06/1996
471,BASF,SGI,POWER CHALLENGE,Germany,1996,12,3.398,4.32,2000,450,MIPS,MIPS R8000,90.0,SGI PowerChallenge,IRIX,SMP,Industry,Chemistry,,,Western Europe,Europe,06/1996
472,Defence Science and Technology AMRL,SGI,POWER CHALLENGE,Australia,1996,12,3.398,4.32,2000,450,MIPS,MIPS R8000,90.0,SGI PowerChallenge,IRIX,SMP,Classified,Not Specified,,,Australia and New Zealand,Oceania,06/1996
473,Genentech,SGI,POWER CHALLENGE,United States,1995,12,3.398,4.32,2000,450,MIPS,MIPS R8000,90.0,SGI PowerChallenge,IRIX,SMP,Industry,Not Specified,,,North America,Americas,06/1996
474,General Motors,SGI,POWER CHALLENGE,United States,1995,12,3.398,4.32,2000,450,MIPS,MIPS R8000,90.0,SGI PowerChallenge,IRIX,SMP,Industry,Automotive,,,North America,Americas,06/1996
475,Government,SGI,POWER CHALLENGE,United States,1995,12,3.398,4.32,2000,450,MIPS,MIPS R8000,90.0,SGI PowerChallenge,IRIX,SMP,Classified,Not Specified,,,North America,Americas,06/1996
476,Institute for Defense Analysis,SGI,POWER CHALLENGE,United States,1995,12,3.398,4.32,2000,450,MIPS,MIPS R8000,90.0,SGI PowerChallenge,IRIX,SMP,Classified,Not Specified,,,North America,Americas,06/1996
477,Michelin,SGI,POWER CHALLENGE,France,1995,12,3.398,4.32,2000,450,MIPS,MIPS R8000,90.0,SGI PowerChallenge,IRIX,SMP,Industry,Automotive,,,Western Europe,Europe,06/1996
478,Missle & Space Intelligence Center,SGI,POWER CHALLENGE,United States,1995,12,3.398,4.32,2000,450,MIPS,MIPS R8000,90.0,SGI PowerChallenge,IRIX,SMP,Classified,Not Specified,,,North America,Americas,06/1996
479,Missle & Space Intelligence Center,SGI,POWER CHALLENGE,United States,1995,12,3.398,4.32,2000,450,MIPS,MIPS R8000,90.0,SGI PowerChallenge,IRIX,SMP,Classified,Not Specified,,,North America,Americas,06/1996
480,NASA/Goddard Space Flight Center,SGI,POWER CHALLENGE,United States,1995,12,3.398,4.32,2000,450,MIPS,MIPS R8000,90.0,SGI PowerChallenge,IRIX,SMP,Research,Aerospace,,,North America,Americas,06/1996
481,NASA/Langley Research Center,SGI,POWER CHALLENGE,United States,1995,12,3.398,4.32,2000,450,MIPS,MIPS R8000,90.0,SGI PowerChallenge,IRIX,SMP,Research,Not Specified,,,North America,Americas,06/1996
482,NASA/Langley Research Center,SGI,POWER CHALLENGE,United States,1995,12,3.398,4.32,2000,450,MIPS,MIPS R8000,90.0,SGI PowerChallenge,IRIX,SMP,Research,Not Specified,,,North America,Americas,06/1996
483,Oxford Physiology,SGI,POWER CHALLENGE,United Kingdom,1995,12,3.398,4.32,2000,450,MIPS,MIPS R8000,90.0,SGI PowerChallenge,IRIX,SMP,Research,Not Specified,,,Northern Europe,Europe,06/1996
484,Pennsylvania State University,SGI,POWER CHALLENGE,United States,1995,12,3.398,4.32,2000,450,MIPS,MIPS R8000,90.0,SGI PowerChallenge,IRIX,SMP,Academic,Not Specified,,,North America,Americas,06/1996
485,Rover,SGI,POWER Onyx,United Kingdom,1996,12,3.398,4.32,2000,450,MIPS,MIPS R8000,90.0,SGI PowerChallenge,IRIX,SMP,Industry,Automotive,,,Northern Europe,Europe,06/1996
486,Rover,SGI,POWER CHALLENGE,United Kingdom,1996,12,3.398,4.32,2000,450,MIPS,MIPS R8000,90.0,SGI PowerChallenge,IRIX,SMP,Industry,Automotive,,,Northern Europe,Europe,06/1996
487,Tohoku University,SGI,POWER CHALLENGE,Japan,1995,12,3.398,4.32,2000,450,MIPS,MIPS R8000,90.0,SGI PowerChallenge,IRIX,SMP,Academic,Not Specified,,,Eastern Asia,Asia,06/1996
488,UNI-C/Aarhus,SGI,POWER CHALLENGE,Denmark,1995,12,3.398,4.32,2000,450,MIPS,MIPS R8000,90.0,SGI PowerChallenge,IRIX,SMP,Academic,Not Specified,,,Northern Europe,Europe,06/1996
489,University of Cincinnatti,SGI,POWER CHALLENGE,United States,1995,12,3.398,4.32,2000,450,MIPS,MIPS R8000,90.0,SGI PowerChallenge,IRIX,SMP,Academic,Not Specified,,,North America,Americas,06/1996
490,University of Poznan,SGI,POWER CHALLENGE,Poland,1994,12,3.398,4.32,2000,450,MIPS,MIPS R8000,90.0,SGI PowerChallenge,IRIX,SMP,Academic,Not Specified,,,Eastern Europe,Europe,06/1996
491,ABN AMRO,IBM,SP2/18,Netherlands,1996,18,3.32,4.788,0,0,Power,POWER2,66.5,IBM SP,AIX,MPP,Industry,Finance,,,Western Europe,Europe,06/1996
492,American Airlines,IBM,SP2/18,United States,1995,18,3.32,4.788,0,0,Power,POWER2,66.5,IBM SP,AIX,MPP,Industry,Transportation,,,North America,Americas,06/1996
493,Household International,IBM,SP2/18,United States,1995,18,3.32,4.788,0,0,Power,POWER2,66.5,IBM SP,AIX,MPP,Industry,Finance,,,North America,Americas,06/1996
494,National Library of Australia,IBM,SP2/18,Australia,1995,18,3.32,4.788,0,0,Power,POWER2,66.5,IBM SP,AIX,MPP,Research,Not Specified,,,Australia and New Zealand,Oceania,06/1996
495,Petroleum Company (G),IBM,SP2/18,Saudia Arabia,1996,18,3.32,4.788,0,0,Power,POWER2,66.5,IBM SP,AIX,MPP,Industry,Geophysics,,,Western Asia,Asia,06/1996
496,Samsung SDS,IBM,SP2/18,"Korea, South",1995,18,3.32,4.788,0,0,Power,POWER2,66.5,IBM SP,AIX,MPP,Industry,Electronics,,,Eastern Asia,Asia,06/1996
497,JCCWC,Hewlett-Packard,SPP1000/XA-32,United States,1995,32,3.306,6.4,25800,4700,PA-RISC,PA-RISC PA-7100,100.0,HP Superdome,SPP-UX,MPP,Classified,Not Specified,Proprietary,Ring,North America,Americas,06/1996
498,The Scripps Research Institute,Hewlett-Packard,SPP1000/XA-32,United States,1994,32,3.306,6.4,25800,4700,PA-RISC,PA-RISC PA-7100,100.0,HP Superdome,SPP-UX,MPP,Research,Not Specified,Proprietary,Ring,North America,Americas,06/1996
499,US Naval Research and Development Center,Hewlett-Packard,SPP1000/XA-32,United States,1995,32,3.306,6.4,25800,4700,PA-RISC,PA-RISC PA-7100,100.0,HP Superdome,SPP-UX,MPP,Research,Not Specified,Proprietary,Ring,North America,Americas,06/1996
500,University of Michigan,Hewlett-Packard,SPP1000/XA-32,United States,1994,32,3.306,6.4,25800,4700,PA-RISC,PA-RISC PA-7100,100.0,HP Superdome,SPP-UX,MPP,Academic,Not Specified,Proprietary,Ring,North America,Americas,06/1996
